N°DPE,Date_établissement_DPE,Etiquette_DPE,Etiquette_GES,Surface_habitable_logement,Type_bâtiment,Année_construction,Adresse_(BAN),Code_postal_(BAN),Code_INSEE_(BAN),Identifiant__BAN,Score_BAN,Conso_5_usages_par_m²_é_primaire,Emission_GES_5_usages_par_m²,Coordonnée_cartographique_X_(BAN),Coordonnée_cartographique_Y_(BAN),id_parcelle_rapprochee
2317E0000657,2022-09-12,G,C,109.0,maison,1930,34 RUE SAINTE CATHERINE 17300 ROCHEFORT,17300,17300,17300_8081_00034,0.98,424.1,24.49,-0.9628,45.9414,17300000C0520
2324E0000372,2021-12-24,F,D,,maison,2019,150 PLACE COLBERT 24430 ANNESSE-ET-BEAULIEU,24430,24016,24016_3135_00150,0.95,395.2,19.87,0.557,45.087,24016000Z0313
2333E0000467,2022-08-04,D,E,157.0,maison,1962,23 COURS DE L ARGONNE 33000 BORDEAUX,33000,33063,33063_1131_00023,0.92,182.8,5.39,-0.5792,44.8378,33063000C0655
2317E0000728,2022-06-26,B,D,80.0,appartement,1994,131 IMPASSE DES VIGNES 17300 ROCHEFORT,17300,17300,17300_4862_00131,0.95,78.6,5.6,-0.9628,45.9414,17300000E0904
2324E0000842,2023-08-17,D,D,47.0,appartement,2003,55 ALLEE DES CHENES 24430 ANNESSE-ET-BEAULIEU,24430,24016,24016_9795_00055,0.71,191.7,10.0,0.557,45.087,24016000B0479
2324E0000763,2021-12-02,D,D,72.0,appartement,1983,2 ROUTE DE PERIGUEUX 24430 ANNESSE-ET-BEAULIEU,24430,24016,24016_9950_00002,0.95,196.3,16.5,0.557,45.087,24016000A0297
2324E0000001,2023-10-14,D,D,172.0,maison,1983,123 ROUTE DE PERIGUEUX 24430 ANNESSE-ET-BEAULIEU,24430,24016,24016_8762_00123,0.98,206.5,9.48,0.557,45.087,24016000Z0845
2317E0000212,2022-09-14,E,G,129.0,maison,2019,38 COURS DE L ARGONNE 17300 ROCHEFORT,17300,17300,17300_5622_00038,0.71,245.0,14.93,-0.9628,45.9414,17300000A0984
2333E0000061,2021-03-09,E,D,60.0,appartement,1930,180 RUE GAMBETTA 33000 BORDEAUX,33000,33063,33063_2858_00180,0.95,246.8,8.1,-0.5792,44.8378,33063000C0483
2324E0000596,2023-05-18,C,E,200.0,maison,1930,146 PLACE COLBERT 24430 ANNESSE-ET-BEAULIEU,24430,24016,24016_5833_00146,0.92,151.8,6.8,0.557,45.087,24016000Z0583
2317E0000801,2021-09-15,G,D,30.0,appartement,1975,117 COURS DE L ARGONNE 17300 ROCHEFORT,17300,17300,17300_2121_00117,0.98,523.6,27.0,-0.9628,45.9414,17300000Z0230
2317E0000353,2024-04-16,D,E,75.0,maison,2019,142 ROUTE DE PERIGUEUX 17300 ROCHEFORT,17300,17300,17300_4880_00142,0.95,178.7,11.63,-0.9628,45.9414,17300000Z0672
2317E0000671,2025-02-12,D,F,117.0,maison,1975,131 AVENUE THIERS 17300 ROCHEFORT,17300,17300,17300_1319_00131,0.92,172.6,7.21,-0.9628,45.9414,17300000C0822
2317E0000791,2023-12-26,D,F,80.0,appartement,2019,161 ROUTE DE PERIGUEUX 17300 ROCHEFORT,17300,17300,17300_1969_00161,0.71,203.7,14.7,-0.9628,45.9414,17300000B0747
2333E0000832,2025-04-06,E,E,77.0,appartement,2019,52 RUE DU PALAIS 33000 BORDEAUX,33000,33063,33063_2063_00052,0.95,307.4,26.77,-0.5792,44.8378,33063000A0796
2324E0000428,2023-03-05,D,C,78.0,maison,,118 RUE GAMBETTA 24430 ANNESSE-ET-BEAULIEU,24430,24016,24016_8078_00118,0.92,199.3,14.33,0.557,45.087,24016000E0639
2324E0000741,2022-07-20,B,F,,maison,2019,168 ALLEE DES CHENES 24430 ANNESSE-ET-BEAULIEU,24430,24016,24016_9944_00168,0.55,103.2,9.22,0.557,45.087,24016000D0298
2333E0000379,2022-08-31,B,F,52.0,appartement,1994,3 AVENUE THIERS 33000 BORDEAUX,33000,33063,33063_1732_00003,0.88,88.1,4.28,-0.5792,44.8378,33063000Z0816
2324E0000633,2021-10-02,G,D,51.0,appartement,1890,11 RUE GAMBETTA 24430 ANNESSE-ET-BEAULIEU,24430,24016,24016_3190_00011,0.71,496.1,24.9,0.557,45.087,24016000D0552
2324E0000833,2023-07-12,A,A,77.4,appartement,1983,3 ROUTE DE PERIGUEUX 24430 ANNESSE-ET-BEAULIEU,24430,24016,24016_3267_00003,0.92,66.9,5.08,0.557,45.087,24016000C0700
2333E0000439,2024-04-13,D,F,75.0,maison,2003,69 ALLEE DES CHENES 33000 BORDEAUX,33000,33063,33063_7363_00069,0.95,225.2,7.31,-0.5792,44.8378,33063000Z0832
2333E0000580,2023-06-24,F,E,47.0,appartement,2011,15 COURS DE L ARGONNE 33000 BORDEAUX,33000,33063,33063_4616_00015,0.95,339.7,12.06,-0.5792,44.8378,33063000C0549
2333E0000893,2022-07-27,E,G,152.0,maison,,158 RUE SAINTE CATHERINE 33000 BORDEAUX,33000,33063,33063_4046_00158,0.98,311.2,16.69,-0.5792,44.8378,33063000A0431
2333E0000600,2022-09-25,G,E,125.0,maison,1930,104 ROUTE DE PERIGUEUX 33000 BORDEAUX,33000,33063,33063_9736_00104,0.71,455.4,20.63,-0.5792,44.8378,33063000E0392
2317E0000000,2024-01-11,D,E,89.0,appartement,1962,171 ROUTE DE PERIGUEUX 17300 ROCHEFORT,17300,17300,17300_8638_00171,0.98,211.7,7.16,-0.9628,45.9414,17300000A0408
2324E0000162,2021-05-11,F,D,106.0,maison,1975,20 RUE GAMBETTA 24430 ANNESSE-ET-BEAULIEU,24430,24016,24016_7590_00020,0.55,397.2,12.83,0.557,45.087,24016000B0526
2324E0000897,2023-09-03,D,F,48.0,appartement,1890,175 AVENUE THIERS 24430 ANNESSE-ET-BEAULIEU,24430,24016,24016_8244_00175,0.92,222.5,15.45,0.557,45.087,24016000Z0244
2324E0000280,2023-10-04,F,E,,maison,1983,151 COURS DE L ARGONNE 24430 ANNESSE-ET-BEAULIEU,24430,24016,24016_7149_00151,0.92,360.1,9.25,0.557,45.087,24016000B0325
2333E0000283,2022-08-11,A,F,130.0,maison,,31 RUE GAMBETTA 33000 BORDEAUX,33000,33063,33063_5279_00031,0.92,63.6,1.84,-0.5792,44.8378,33063000B0023
2317E0000325,2021-02-22,D,D,51.0,appartement,1890,96 COURS DE L ARGONNE 17300 ROCHEFORT,17300,17300,17300_6490_00096,0.88,173.5,12.25,-0.9628,45.9414,17300000C0410
2324E0000423,2023-01-15,E,E,43.0,appartement,1983,114 RUE SAINTE CATHERINE 24430 ANNESSE-ET-BEAULIEU,24430,24016,24016_7402_00114,0.88,247.9,8.93,0.557,45.087,24016000E0142
2317E0000757,2023-01-07,C,E,46.0,appartement,,146 ROUTE DE PERIGUEUX 17300 ROCHEFORT,17300,17300,17300_3885_00146,0.95,119.8,9.11,-0.9628,45.9414,17300000C0642
2324E0000180,2022-02-20,F,G,58.0,appartement,1994,134 RUE GAMBETTA 24430 ANNESSE-ET-BEAULIEU,24430,24016,24016_3010_00134,0.95,324.5,9.5,0.557,45.087,24016000C0056
2333E0000761,2024-05-10,D,C,58.0,appartement,1930,125 RUE GAMBETTA 33000 BORDEAUX,33000,33063,33063_5230_00125,0.92,218.4,19.38,-0.5792,44.8378,33063000B0517
2324E0000527,2023-03-23,E,D,44.0,appartement,1994,25 IMPASSE DES VIGNES 24430 ANNESSE-ET-BEAULIEU,24430,24016,24016_7893_00025,0.92,255.6,22.79,0.557,45.087,24016000A0437
2317E0000575,2023-08-13,D,D,123.0,maison,1930,137 ROUTE DE PERIGUEUX 17300 ROCHEFORT,17300,17300,17300_6607_00137,0.98,197.4,14.25,-0.9628,45.9414,17300000C0340
2317E0000459,2024-09-25,D,G,138.0,maison,1983,63 AVENUE THIERS 17300 ROCHEFORT,17300,17300,17300_1342_00063,0.95,210.1,14.26,-0.9628,45.9414,17300000C0971
2324E0000548,2023-07-23,B,E,,appartement,1890,25 ALLEE DES CHENES 24430 ANNESSE-ET-BEAULIEU,24430,24016,24016_3136_00025,0.55,100.3,7.82,0.557,45.087,24016000E0443
2317E0000830,2023-01-29,C,G,72.0,maison,,142 RUE GAMBETTA 17300 ROCHEFORT,17300,17300,17300_6075_00142,0.98,137.1,3.58,-0.9628,45.9414,17300000A0904
2333E0000210,2023-07-24,D,D,149.0,maison,1975,155 COURS DE L ARGONNE 33000 BORDEAUX,33000,33063,33063_6191_00155,0.95,190.9,12.12,-0.5792,44.8378,33063000E0831
2333E0000539,2023-11-06,D,B,208.0,maison,2003,25 RUE SAINTE CATHERINE 33000 BORDEAUX,33000,33063,33063_6200_00025,0.88,216.4,5.95,-0.5792,44.8378,33063000C0707
2317E0000868,2023-04-17,D,B,169.0,maison,1975,164 COURS DE L ARGONNE 17300 ROCHEFORT,17300,17300,17300_3052_00164,0.92,188.5,4.58,-0.9628,45.9414,17300000D0159
2317E0000360,2023-11-02,F,D,66.0,appartement,2019,24 ROUTE DE PERIGUEUX 17300 ROCHEFORT,17300,17300,17300_8172_00024,0.95,412.1,36.07,-0.9628,45.9414,17300000Z0668
2317E0000653,2022-01-10,E,E,204.0,maison,1930,71 RUE GAMBETTA 17300 ROCHEFORT,17300,17300,17300_1504_00071,0.92,257.9,11.23,-0.9628,45.9414,17300000D0861
2324E0000389,2022-10-14,D,E,80.0,appartement,1983,101 RUE GAMBETTA 24430 ANNESSE-ET-BEAULIEU,24430,24016,24016_5212_00101,0.88,201.9,15.52,0.557,45.087,24016000A0130
2324E0000315,2021-06-30,G,D,64.0,appartement,1983,141 RUE GAMBETTA 24430 ANNESSE-ET-BEAULIEU,24430,24016,24016_8035_00141,0.88,528.5,45.96,0.557,45.087,24016000A0945
2324E0000473,2021-06-19,C,G,39.0,appartement,2011,164 PLACE COLBERT 24430 ANNESSE-ET-BEAULIEU,24430,24016,24016_1715_00164,0.98,158.1,7.5,0.557,45.087,24016000A0569
2324E0000619,2024-05-24,F,C,85.0,appartement,1890,109 COURS DE L ARGONNE 24430 ANNESSE-ET-BEAULIEU,24430,24016,24016_6419_00109,0.88,369.5,18.27,0.557,45.087,24016000D0125
2324E0000636,2022-10-30,D,E,50.6,appartement,2011,8 RUE GAMBETTA 24430 ANNESSE-ET-BEAULIEU,24430,24016,24016_5537_00008,0.98,173.1,13.42,0.557,45.087,24016000D0669
2333E0000191,2022-11-05,F,F,247.4,maison,1890,120 AVENUE THIERS 33000 BORDEAUX,33000,33063,33063_1162_00120,0.98,337.2,26.73,-0.5792,44.8378,33063000B0418
2333E0000794,2023-09-26,B,E,105.6,appartement,1983,25 RUE GAMBETTA 33000 BORDEAUX,33000,33063,33063_2915_00025,0.98,86.9,4.98,-0.5792,44.8378,33063000B0932
2324E0000066,2023-02-12,E,D,77.0,maison,1962,141 RUE DU PALAIS 24430 ANNESSE-ET-BEAULIEU,24430,24016,24016_4996_00141,0.92,246.3,19.27,0.557,45.087,24016000E0944
2324E0000694,2024-02-07,B,B,383.0,maison,1930,109 AVENUE THIERS 24430 ANNESSE-ET-BEAULIEU,24430,24016,24016_1502_00109,0.92,100.0,4.21,0.557,45.087,24016000A0838
2324E0000510,2022-02-28,E,E,41.0,appartement,1983,31 ALLEE DES CHENES 24430 ANNESSE-ET-BEAULIEU,24430,24016,24016_3082_00031,0.98,260.3,7.55,0.557,45.087,24016000D0417
2317E0000682,2022-12-01,E,G,53.0,appartement,2011,14 ALLEE DES CHENES 17300 ROCHEFORT,17300,17300,17300_8072_00014,0.98,273.8,17.44,-0.9628,45.9414,17300000E0222
2317E0000065,2020-12-02,G,C,70.0,appartement,2019,3 RUE SAINTE CATHERINE 17300 ROCHEFORT,17300,17300,17300_2413_00003,0.98,492.6,30.3,-0.9628,45.9414,17300000D0889
2324E0000729,2022-07-20,G,G,186.0,maison,1962,130 RUE DU PALAIS 24430 ANNESSE-ET-BEAULIEU,24430,24016,24016_4293_00130,0.98,415.1,12.25,0.557,45.087,24016000A0823
2324E0000545,2023-07-13,E,D,173.0,maison,2019,44 RUE DU PALAIS 24430 ANNESSE-ET-BEAULIEU,24430,24016,24016_5280_00044,0.95,302.6,20.97,0.557,45.087,24016000D0074
2317E0000749,2023-01-08,E,F,72.0,appartement,2019,66 COURS DE L ARGONNE 17300 ROCHEFORT,17300,17300,17300_7088_00066,0.95,293.9,15.19,-0.9628,45.9414,17300000A0091
2324E0000750,2022-05-04,F,C,33.0,appartement,1975,6 ROUTE DE PERIGUEUX 24430 ANNESSE-ET-BEAULIEU,24430,24016,24016_6062_00006,0.88,345.3,18.34,0.557,45.087,24016000A0732
2324E0000678,2022-04-08,C,F,65.0,appartement,1983,11 ROUTE DE PERIGUEUX 24430 ANNESSE-ET-BEAULIEU,24430,24016,24016_9130_00011,0.92,120.4,5.86,0.557,45.087,24016000C0515
,2023-08-17,D,D,47.0,appartement,2003,55 ALLEE DES CHENES 24430 ANNESSE-ET-BEAULIEU,24430,24016,24016_9795_00055,0.71,191.7,10.0,0.557,45.087,24016000B0479
2324E0000026,2022-08-07,D,C,,appartement,1975,21 RUE GAMBETTA 24430 ANNESSE-ET-BEAULIEU,24430,24016,24016_3473_00021,0.71,226.2,5.06,0.557,45.087,24016000A0480
2317E0000407,2022-08-25,D,E,90.0,appartement,,25 RUE DU PALAIS 17300 ROCHEFORT,17300,17300,17300_5585_00025,0.98,184.3,10.69,-0.9628,45.9414,17300000A0893
2317E0000646,2021-09-24,C,D,103.0,maison,,180 RUE GAMBETTA 17300 ROCHEFORT,17300,17300,17300_6947_00180,0.92,136.0,4.46,-0.9628,45.9414,17300000E0200
2317E0000675,2023-04-03,F,D,86.0,maison,1975,105 IMPASSE DES VIGNES 17300 ROCHEFORT,17300,17300,17300_6393_00105,0.98,324.9,21.39,-0.9628,45.9414,17300000A0910
2324E0000576,2023-02-07,D,C,78.0,appartement,1890,119 AVENUE THIERS 24430 ANNESSE-ET-BEAULIEU,24430,24016,24016_3257_00119,0.92,209.6,9.66,0.557,45.087,24016000Z0234
2333E0000288,2024-02-16,D,F,182.0,maison,2019,93 RUE GAMBETTA 33000 BORDEAUX,33000,33063,33063_9730_00093,0.92,186.7,12.05,-0.5792,44.8378,33063000D0583
2333E0000378,2021-08-19,G,C,59.0,appartement,1930,179 RUE GAMBETTA 33000 BORDEAUX,33000,33063,33063_2309_00179,0.98,453.2,38.53,-0.5792,44.8378,33063000D0700
2333E0000494,2022-10-03,C,D,52.0,appartement,1994,86 ROUTE DE PERIGUEUX 33000 BORDEAUX,33000,33063,33063_9186_00086,0.98,134.9,8.43,-0.5792,44.8378,33063000Z0978
2324E0000112,2021-04-26,B,E,82.0,maison,2011,7 IMPASSE DES VIGNES 24430 ANNESSE-ET-BEAULIEU,24430,24016,24016_8279_00007,0.95,80.1,4.46,0.557,45.087,24016000Z0027
2324E0000082,2022-08-11,F,E,46.0,appartement,1994,119 RUE SAINTE CATHERINE 24430 ANNESSE-ET-BEAULIEU,24430,24016,24016_8619_00119,0.98,374.5,22.17,0.557,45.087,24016000B0356
2333E0000245,2024-12-12,G,G,208.0,maison,2011,119 ROUTE DE PERIGUEUX 33000 BORDEAUX,33000,33063,33063_5806_00119,0.98,508.9,25.13,-0.5792,44.8378,33063000D0443
2324E0000723,2022-08-10,D,D,95.0,appartement,1962,14 COURS DE L ARGONNE 24430 ANNESSE-ET-BEAULIEU,24430,24016,24016_1384_00014,0.71,223.6,11.1,0.557,45.087,24016000E0684
2333E0000620,2024-12-26,D,F,158.0,maison,2003,45 PLACE COLBERT 33000 BORDEAUX,33000,33063,33063_6804_00045,0.92,191.9,5.94,-0.5792,44.8378,33063000Z0607
2333E0000616,2023-09-26,C,D,50.0,appartement,,128 IMPASSE DES VIGNES 33000 BORDEAUX,33000,33063,33063_7732_00128,0.95,159.6,7.63,-0.5792,44.8378,33063000B0494
2324E0000490,2022-05-17,G,E,116.0,appartement,2003,77 IMPASSE DES VIGNES 24430 ANNESSE-ET-BEAULIEU,24430,24016,24016_3428_00077,0.95,451.6,14.82,0.557,45.087,24016000C0548
2333E0000725,2023-04-29,D,F,141.0,maison,1994,63 RUE SAINTE CATHERINE 33000 BORDEAUX,33000,33063,33063_7277_00063,0.95,220.7,12.35,-0.5792,44.8378,33063000E0835
2317E0000276,2021-04-25,B,D,,maison,2019,143 AVENUE THIERS 17300 ROCHEFORT,17300,17300,17300_4238_00143,0.88,99.6,5.79,-0.9628,45.9414,17300000D0433
2333E0000119,2023-04-04,D,G,197.0,maison,2011,138 IMPASSE DES VIGNES 33000 BORDEAUX,33000,33063,33063_6629_00138,0.95,194.4,4.76,-0.5792,44.8378,33063000D0191
2317E0000159,2024-12-01,E,D,65.7,appartement,1890,146 IMPASSE DES VIGNES 17300 ROCHEFORT,17300,17300,17300_2448_00146,0.98,287.4,11.51,-0.9628,45.9414,17300000B0228
2333E0000486,2023-12-07,B,E,62.0,appartement,2003,141 AVENUE THIERS 33000 BORDEAUX,33000,33063,33063_5547_00141,0.95,101.5,3.62,-0.5792,44.8378,33063000D0689
2317E0000355,2023-04-09,D,E,145.0,maison,1983,111 RUE GAMBETTA 17300 ROCHEFORT,17300,17300,17300_1904_00111,0.98,176.4,15.0,-0.9628,45.9414,17300000C0071
,2021-03-13,F,D,91.0,appartement,2019,82 COURS DE L ARGONNE 17300 ROCHEFORT,17300,17300,17300_9018_00082,0.88,333.2,17.05,-0.9628,45.9414,17300000E0894
2324E0000787,2021-03-21,E,D,144.0,maison,1983,56 COURS DE L ARGONNE 24430 ANNESSE-ET-BEAULIEU,24430,24016,24016_9006_00056,0.95,272.9,23.2,0.557,45.087,24016000A0318
2324E0000406,2023-09-16,E,E,94.0,appartement,1994,9 ALLEE DES CHENES 24430 ANNESSE-ET-BEAULIEU,24430,24016,24016_3851_00009,0.92,279.2,9.63,0.557,45.087,24016000A0923
2333E0000753,2021-12-14,F,F,87.0,maison,1975,15 COURS DE L ARGONNE 33000 BORDEAUX,33000,33063,33063_4980_00015,0.92,325.9,21.09,-0.5792,44.8378,33063000D0483
2317E0000564,2022-11-10,D,B,88.0,appartement,2003,4 ROUTE DE PERIGUEUX 17300 ROCHEFORT,17300,17300,17300_4211_00004,0.92,172.8,9.74,-0.9628,45.9414,17300000A0711
2317E0000610,2022-03-07,G,E,49.0,appartement,2003,43 COURS DE L ARGONNE 17300 ROCHEFORT,17300,17300,17300_1923_00043,0.95,406.9,23.02,-0.9628,45.9414,17300000A0178
2333E0000364,2023-08-19,D,D,,maison,2003,87 AVENUE THIERS 33000 BORDEAUX,33000,33063,33063_3231_00087,0.92,187.5,6.76,-0.5792,44.8378,33063000A0095
2317E0000420,2021-03-13,F,D,91.0,appartement,2019,82 COURS DE L ARGONNE 17300 ROCHEFORT,17300,17300,17300_9018_00082,0.88,333.2,17.05,-0.9628,45.9414,17300000E0894
2324E0000595,2023-02-25,F,E,75.0,appartement,1975,158 ROUTE DE PERIGUEUX 24430 ANNESSE-ET-BEAULIEU,24430,24016,24016_2619_00158,0.95,321.1,14.22,0.557,45.087,24016000A0020
2317E0000454,2023-10-25,D,B,80.0,appartement,1930,89 PLACE COLBERT 17300 ROCHEFORT,17300,17300,17300_4663_00089,0.95,185.3,13.39,-0.9628,45.9414,17300000A0840
2324E0000716,2023-04-11,G,E,48.0,appartement,1930,113 IMPASSE DES VIGNES 24430 ANNESSE-ET-BEAULIEU,24430,24016,24016_7130_00113,0.88,436.0,22.75,0.557,45.087,24016000E0932
2317E0000455,2023-03-04,D,E,165.0,maison,1994,156 ROUTE DE PERIGUEUX 17300 ROCHEFORT,17300,17300,17300_3853_00156,0.98,228.3,13.38,-0.9628,45.9414,17300000D0708
2324E0000514,2022-11-11,E,E,204.0,maison,1890,7 ROUTE DE PERIGUEUX 24430 ANNESSE-ET-BEAULIEU,24430,24016,24016_2814_00007,0.92,266.8,12.19,0.557,45.087,24016000D0628
2317E0000040,2023-04-01,A,G,,appartement,2011,155 RUE GAMBETTA 17300 ROCHEFORT,17300,17300,17300_1154_00155,0.92,52.1,3.63,-0.9628,45.9414,17300000B0534
2324E0000216,2024-09-27,G,D,45.0,appartement,1975,50 IMPASSE DES VIGNES 24430 ANNESSE-ET-BEAULIEU,24430,24016,24016_4788_00050,0.98,518.2,34.28,0.557,45.087,24016000Z0358
2333E0000542,2023-08-25,D,E,176.0,maison,1994,169 AVENUE THIERS 33000 BORDEAUX,33000,33063,33063_3973_00169,0.98,180.8,4.23,-0.5792,44.8378,33063000E0820
2324E0000867,2023-01-10,D,E,135.0,maison,1994,93 PLACE COLBERT 24430 ANNESSE-ET-BEAULIEU,24430,24016,24016_6632_00093,0.95,203.1,10.84,0.557,45.087,24016000Z0518
2317E0000157,2020-11-23,D,D,96.0,maison,2011,157 RUE DU PALAIS 17300 ROCHEFORT,17300,17300,17300_8869_00157,0.88,222.3,10.08,-0.9628,45.9414,17300000B0227
2317E0000735,2023-06-14,E,F,182.0,maison,1975,64 ALLEE DES CHENES 17300 ROCHEFORT,17300,17300,17300_7211_00064,0.95,261.1,20.1,-0.9628,45.9414,17300000B0933
2333E0000495,2022-03-08,G,E,59.0,appartement,1975,58 AVENUE THIERS 33000 BORDEAUX,33000,33063,33063_3435_00058,0.95,408.6,12.66,-0.5792,44.8378,33063000Z0743
2333E0000386,2021-01-16,D,A,71.0,maison,,160 ALLEE DES CHENES 33000 BORDEAUX,33000,33063,33063_2643_00160,0.88,200.6,10.22,-0.5792,44.8378,33063000C0531
2317E0000640,2023-03-23,F,D,49.0,appartement,2019,4 RUE DU PALAIS 17300 ROCHEFORT,17300,17300,17300_8399_00004,0.71,394.8,21.29,-0.9628,45.9414,17300000B0091
2317E0000414,2022-03-17,E,E,55.0,appartement,2003,12 RUE SAINTE CATHERINE 17300 ROCHEFORT,17300,17300,17300_5263_00012,0.92,301.6,26.98,-0.9628,45.9414,17300000B0244
2333E0000172,2020-11-22,C,G,52.0,appartement,1890,59 IMPASSE DES VIGNES 33000 BORDEAUX,33000,33063,33063_9954_00059,0.71,154.1,13.73,-0.5792,44.8378,33063000E0221
2324E0000387,2023-08-05,E,E,154.0,maison,1930,59 AVENUE THIERS 24430 ANNESSE-ET-BEAULIEU,24430,24016,24016_1701_00059,0.95,262.7,6.01,0.557,45.087,24016000D0123
2324E0000441,2022-08-02,B,D,202.0,maison,2011,68 COURS DE L ARGONNE 24430 ANNESSE-ET-BEAULIEU,24430,24016,24016_5307_00068,0.88,90.4,2.74,0.557,45.087,24016000Z0135
2324E0000181,2021-02-08,F,C,68.0,appartement,2019,61 IMPASSE DES VIGNES 24430 ANNESSE-ET-BEAULIEU,24430,24016,24016_7806_00061,0.92,331.4,10.73,0.557,45.087,24016000Z0204
2333E0000247,2024-03-22,G,D,82.0,appartement,,32 RUE GAMBETTA 33000 BORDEAUX,33000,33063,33063_7074_00032,0.95,476.2,32.0,-0.5792,44.8378,33063000A0779
2333E0000184,2023-07-04,F,E,111.0,maison,2019,133 ROUTE DE PERIGUEUX 33000 BORDEAUX,33000,33063,33063_8168_00133,0.88,317.7,16.83,-0.5792,44.8378,33063000B0264
2317E0000535,2022-05-24,E,E,57.0,appartement,2019,106 RUE GAMBETTA 17300 ROCHEFORT,17300,17300,17300_5578_00106,0.92,269.1,7.47,-0.9628,45.9414,17300000A0811
2317E0000565,2022-01-16,E,F,190.0,maison,2003,110 PLACE COLBERT 17300 ROCHEFORT,17300,17300,17300_8230_00110,0.88,283.2,21.65,-0.9628,45.9414,17300000A0761
2324E0000057,2026-03-20,E,F,163.0,maison,1994,22 RUE DU PALAIS 24430 ANNESSE-ET-BEAULIEU,24430,24016,24016_4294_00022,0.95,270.7,13.01,0.557,45.087,24016000A0186
2324E0000114,2023-08-05,E,E,31.0,appartement,1975,81 RUE GAMBETTA 24430 ANNESSE-ET-BEAULIEU,24430,24016,24016_1985_00081,0.98,310.1,21.06,0.557,45.087,24016000E0673
2317E0000203,2025-08-14,D,F,84.0,maison,,125 RUE DU PALAIS 17300 ROCHEFORT,17300,17300,17300_2862_00125,0.71,180.7,3.67,-0.9628,45.9414,17300000D0532
2324E0000169,2023-11-28,G,C,64.0,appartement,1994,156 RUE DU PALAIS 24430 ANNESSE-ET-BEAULIEU,24430,24016,24016_9323_00156,0.88,427.5,34.26,0.557,45.087,24016000D0385
2324E0000249,2023-01-24,D,A,192.0,maison,1975,91 RUE GAMBETTA 24430 ANNESSE-ET-BEAULIEU,24430,24016,24016_7370_00091,0.88,223.7,7.71,0.557,45.087,24016000C0371
2324E0000239,2024-12-27,D,F,101.0,maison,2003,63 RUE SAINTE CATHERINE 24430 ANNESSE-ET-BEAULIEU,24430,24016,24016_6241_00063,0.98,224.3,11.7,0.557,45.087,24016000A0914
2317E0000227,2022-02-23,B,D,52.0,maison,2011,150 PLACE COLBERT 17300 ROCHEFORT,17300,17300,17300_6450_00150,0.98,81.3,4.52,-0.9628,45.9414,17300000D0414
2317E0000433,2022-04-17,D,C,88.0,appartement,,17 ROUTE DE PERIGUEUX 17300 ROCHEFORT,17300,17300,17300_6324_00017,0.98,217.4,14.98,-0.9628,45.9414,17300000A0406
2333E0000440,2020-12-09,F,B,147.0,maison,1890,13 RUE DU PALAIS 33000 BORDEAUX,33000,33063,33063_9179_00013,0.95,366.5,7.57,-0.5792,44.8378,33063000A0577
2317E0000217,2021-07-13,G,G,,appartement,2011,116 ROUTE DE PERIGUEUX 17300 ROCHEFORT,17300,17300,17300_4251_00116,0.92,438.4,20.95,-0.9628,45.9414,17300000B0217
2317E0000073,2024-01-03,C,D,64.0,appartement,1994,113 AVENUE THIERS 17300 ROCHEFORT,17300,17300,17300_3494_00113,0.98,120.5,8.95,-0.9628,45.9414,17300000E0644
2317E0000076,2023-06-17,E,F,87.0,appartement,1930,34 ROUTE DE PERIGUEUX 17300 ROCHEFORT,17300,17300,17300_5333_00034,0.95,259.4,13.27,-0.9628,45.9414,17300000B0668
2317E0000418,2021-12-16,B,C,98.2,appartement,1930,136 IMPASSE DES VIGNES 17300 ROCHEFORT,17300,17300,17300_1986_00136,0.55,83.4,7.09,-0.9628,45.9414,17300000C0876
2324E0000161,2021-11-02,D,D,60.0,appartement,1890,51 RUE SAINTE CATHERINE 24430 ANNESSE-ET-BEAULIEU,24430,24016,24016_9509_00051,0.95,192.9,9.76,0.557,45.087,24016000E0223
2324E0000855,2024-11-11,C,E,101.0,maison,1983,85 AVENUE THIERS 24430 ANNESSE-ET-BEAULIEU,24430,24016,24016_8937_00085,0.92,155.5,11.61,0.557,45.087,24016000Z0022
,2022-05-30,B,E,45.0,appartement,1930,122 RUE DU PALAIS 17300 ROCHEFORT,17300,17300,17300_7408_00122,0.98,101.3,8.29,-0.9628,45.9414,17300000B0518
2333E0000365,2023-11-22,F,D,183.4,maison,2011,71 IMPASSE DES VIGNES 33000 BORDEAUX,33000,33063,33063_5817_00071,0.55,395.2,18.68,-0.5792,44.8378,33063000D0988
2324E0000748,2023-04-05,D,D,197.0,maison,1962,110 ALLEE DES CHENES 24430 ANNESSE-ET-BEAULIEU,24430,24016,24016_9452_00110,0.98,200.4,13.86,0.557,45.087,24016000B0088
2324E0000790,2024-09-23,B,D,187.0,maison,1983,57 RUE DU PALAIS 24430 ANNESSE-ET-BEAULIEU,24430,24016,24016_2098_00057,0.98,94.3,4.53,0.557,45.087,24016000D0050
2324E0000847,2025-01-24,E,E,94.0,maison,2011,87 RUE GAMBETTA 24430 ANNESSE-ET-BEAULIEU,24430,24016,24016_8500_00087,0.95,297.1,22.71,0.557,45.087,24016000Z0959
2333E0000727,2024-06-04,F,C,96.0,maison,1890,88 RUE SAINTE CATHERINE 33000 BORDEAUX,33000,33063,33063_4619_00088,0.95,408.0,16.1,-0.5792,44.8378,33063000Z0741
2333E0000128,2023-03-05,E,F,60.0,appartement,1994,80 IMPASSE DES VIGNES 33000 BORDEAUX,33000,33063,33063_2469_00080,0.92,273.1,14.05,-0.5792,44.8378,33063000A0023
2324E0000290,2022-04-09,D,E,32.0,appartement,1994,134 PLACE COLBERT 24430 ANNESSE-ET-BEAULIEU,24430,24016,24016_9120_00134,0.92,215.4,19.09,0.557,45.087,24016000B0821
2317E0000788,2023-06-04,G,D,43.0,appartement,1983,146 IMPASSE DES VIGNES 17300 ROCHEFORT,17300,17300,17300_6806_00146,0.98,460.2,39.05,-0.9628,45.9414,17300000B0927
2333E0000259,2023-08-31,G,G,140.0,maison,1930,119 RUE SAINTE CATHERINE 33000 BORDEAUX,33000,33063,33063_2220_00119,0.92,486.5,23.64,-0.5792,44.8378,33063000Z0827
2317E0000786,2023-03-19,D,C,141.0,maison,2011,19 RUE DU PALAIS 17300 ROCHEFORT,17300,17300,17300_6132_00019,0.71,190.5,7.32,-0.9628,45.9414,17300000D0934
2324E0000708,2023-08-12,D,D,70.0,appartement,1962,103 COURS DE L ARGONNE 24430 ANNESSE-ET-BEAULIEU,24430,24016,24016_1686_00103,0.98,217.3,10.33,0.557,45.087,24016000A0380
2317E0000175,2021-11-20,C,B,87.0,maison,1975,49 PLACE COLBERT 17300 ROCHEFORT,17300,17300,17300_5426_00049,0.92,159.7,13.7,-0.9628,45.9414,17300000B0683
2324E0000508,2022-08-09,C,D,258.6,maison,1890,149 PLACE COLBERT 24430 ANNESSE-ET-BEAULIEU,24430,24016,24016_8410_00149,0.71,129.2,8.55,0.557,45.087,24016000Z0739
2333E0000218,2024-08-12,C,C,159.0,maison,2011,151 COURS DE L ARGONNE 33000 BORDEAUX,33000,33063,33063_1879_00151,0.92,153.4,8.64,-0.5792,44.8378,33063000E0500
2317E0000850,2022-05-25,C,G,88.0,appartement,1890,14 ROUTE DE PERIGUEUX 17300 ROCHEFORT,17300,17300,17300_5034_00014,0.92,158.9,5.93,-0.9628,45.9414,17300000E0730
,2023-01-13,D,G,33.0,appartement,2011,23 RUE SAINTE CATHERINE 17300 ROCHEFORT,17300,17300,17300_3696_00023,0.95,211.4,13.57,-0.9628,45.9414,17300000D0409
2324E0000391,2022-11-11,D,D,42.0,appartement,1983,28 ROUTE DE PERIGUEUX 24430 ANNESSE-ET-BEAULIEU,24430,24016,24016_5082_00028,0.88,170.8,4.14,0.557,45.087,24016000A0848
2324E0000226,2021-08-11,E,F,50.0,appartement,2003,57 RUE SAINTE CATHERINE 24430 ANNESSE-ET-BEAULIEU,24430,24016,24016_7223_00057,0.95,247.6,10.72,0.557,45.087,24016000Z0033
2317E0000109,2023-09-26,F,G,89.0,appartement,2003,180 IMPASSE DES VIGNES 17300 ROCHEFORT,17300,17300,17300_3300_00180,0.88,406.8,14.83,-0.9628,45.9414,17300000D0108
2317E0000342,2023-03-20,C,E,67.0,appartement,2003,67 PLACE COLBERT 17300 ROCHEFORT,17300,17300,17300_2680_00067,0.95,146.8,13.1,-0.9628,45.9414,17300000E0841
2324E0000798,2023-03-10,D,G,95.0,appartement,2003,70 PLACE COLBERT 24430 ANNESSE-ET-BEAULIEU,24430,24016,24016_7428_00070,0.88,207.1,17.69,0.557,45.087,24016000E0896
2333E0000557,2021-08-25,E,E,84.0,maison,2011,44 IMPASSE DES VIGNES 33000 BORDEAUX,33000,33063,33063_1951_00044,0.92,300.3,11.32,-0.5792,44.8378,33063000Z0837
2317E0000049,2024-04-02,G,F,76.0,appartement,1983,175 AVENUE THIERS 17300 ROCHEFORT,17300,17300,17300_6209_00175,0.98,398.8,14.99,-0.9628,45.9414,17300000C0932
2333E0000282,2022-09-21,B,E,,appartement,1962,107 ALLEE DES CHENES 33000 BORDEAUX,33000,33063,33063_1619_00107,0.95,77.9,1.61,-0.5792,44.8378,33063000A0855
,2024-10-17,C,D,88.0,appartement,1890,97 AVENUE THIERS 17300 ROCHEFORT,17300,17300,17300_5413_00097,0.88,124.6,9.19,-0.9628,45.9414,17300000Z0543
2317E0000688,2022-11-09,G,F,47.9,appartement,1890,86 ROUTE DE PERIGUEUX 17300 ROCHEFORT,17300,17300,17300_1637_00086,0.92,408.8,8.98,-0.9628,45.9414,17300000Z0949
COR-DT3,,D,F,137.0,maison,1994,115 RUE SAINTE CATHERINE 24430 ANNESSE-ET-BEAULIEU,24430,24016,24016_1479_00115,0.95,219.5,6.29,0.557,45.087,24016000C0983
2324E0000744,2023-04-01,C,E,79.0,appartement,1930,135 ALLEE DES CHENES 24430 ANNESSE-ET-BEAULIEU,24430,24016,24016_9686_00135,0.92,139.4,3.14,0.557,45.087,24016000Z0430
2333E0000715,2023-02-23,F,C,45.0,appartement,1962,173 RUE SAINTE CATHERINE 33000 BORDEAUX,33000,33063,33063_3373_00173,0.92,320.6,13.65,-0.5792,44.8378,33063000Z0788
2333E0000861,2023-05-18,D,E,88.0,appartement,1962,47 ROUTE DE PERIGUEUX 33000 BORDEAUX,33000,33063,33063_4091_00047,0.95,198.3,4.92,-0.5792,44.8378,33063000C0467
2317E0000030,2022-04-17,B,D,132.0,maison,2003,97 ROUTE DE PERIGUEUX 17300 ROCHEFORT,17300,17300,17300_7585_00097,0.95,102.5,5.28,-0.9628,45.9414,17300000B0668
2333E0000277,2023-10-08,D,A,49.0,appartement,2019,74 ALLEE DES CHENES 33000 BORDEAUX,33000,33063,33063_8964_00074,0.95,188.5,4.43,-0.5792,44.8378,33063000Z0833
2333E0000878,2024-01-02,B,C,29.0,appartement,1930,68 COURS DE L ARGONNE 33000 BORDEAUX,33000,33063,33063_5621_00068,0.98,77.7,6.56,-0.5792,44.8378,33063000C0935
2324E0000299,2023-10-22,B,E,70.0,maison,1930,106 RUE DU PALAIS 24430 ANNESSE-ET-BEAULIEU,24430,24016,24016_9688_00106,0.71,102.5,2.49,0.557,45.087,24016000C0368
2333E0000898,2021-09-04,F,B,40.0,appartement,1975,93 AVENUE THIERS 33000 BORDEAUX,33000,33063,33063_3746_00093,0.98,404.2,24.38,-0.5792,44.8378,33063000E0485
2324E0000011,2022-11-15,C,D,144.7,appartement,1983,130 ROUTE DE PERIGUEUX 24430 ANNESSE-ET-BEAULIEU,24430,24016,24016_1025_00130,0.98,158.5,13.0,0.557,45.087,24016000Z0125
2324E0000248,2022-01-08,F,B,54.0,appartement,1890,104 ROUTE DE PERIGUEUX 24430 ANNESSE-ET-BEAULIEU,24430,24016,24016_3358_00104,0.95,364.2,15.04,0.557,45.087,24016000D0998
2333E0000818,2021-11-10,D,F,115.0,maison,1930,6 ROUTE DE PERIGUEUX 33000 BORDEAUX,33000,33063,33063_4845_00006,0.88,201.3,9.77,-0.5792,44.8378,33063000C0123
2324E0000178,2021-08-05,D,C,79.0,appartement,1930,164 RUE GAMBETTA 24430 ANNESSE-ET-BEAULIEU,24430,24016,24016_3614_00164,0.98,224.0,10.13,0.557,45.087,24016000E0702
2324E0000529,2023-12-12,D,D,44.0,appartement,2011,69 ALLEE DES CHENES 24430 ANNESSE-ET-BEAULIEU,24430,24016,24016_3807_00069,0.55,188.3,4.45,0.557,45.087,24016000E0394
2333E0000574,2023-12-11,F,A,28.0,maison,1890,5 AVENUE THIERS 33000 BORDEAUX,33000,33063,33063_8825_00005,0.88,405.5,23.82,-0.5792,44.8378,33063000B0507
2324E0000696,2023-01-11,D,E,77.0,appartement,2011,119 RUE SAINTE CATHERINE 24430 ANNESSE-ET-BEAULIEU,24430,24016,24016_9774_00119,0.92,205.8,16.42,0.557,45.087,24016000A0115
2317E0000630,2022-09-22,D,C,157.8,maison,1975,151 IMPASSE DES VIGNES 17300 ROCHEFORT,17300,17300,17300_9849_00151,0.92,220.2,8.64,-0.9628,45.9414,17300000B0538
2333E0000631,2023-06-17,F,B,79.0,appartement,,131 PLACE COLBERT 33000 BORDEAUX,33000,33063,33063_9095_00131,0.88,399.0,21.42,-0.5792,44.8378,33063000A0297
2324E0000307,2022-12-01,F,D,192.0,maison,1983,89 ALLEE DES CHENES 24430 ANNESSE-ET-BEAULIEU,24430,24016,24016_3750_00089,0.92,345.2,26.36,0.557,45.087,24016000Z0619
2317E0000828,2023-07-02,G,D,96.0,maison,1890,111 ROUTE DE PERIGUEUX 17300 ROCHEFORT,17300,17300,17300_3702_00111,0.95,486.4,27.27,-0.9628,45.9414,17300000B0699
2333E0000778,2022-09-02,E,E,63.0,appartement,2019,129 COURS DE L ARGONNE 33000 BORDEAUX,33000,33063,33063_4121_00129,0.71,310.5,15.4,-0.5792,44.8378,33063000Z0712
2324E0000285,2022-02-17,D,E,50.0,appartement,1930,23 AVENUE THIERS 24430 ANNESSE-ET-BEAULIEU,24430,24016,24016_8432_00023,0.95,209.4,7.87,0.557,45.087,24016000C0417
2333E0000663,2024-02-11,C,D,81.0,appartement,1890,69 RUE GAMBETTA 33000 BORDEAUX,33000,33063,33063_7593_00069,0.92,138.8,10.6,-0.5792,44.8378,33063000A0727
2324E0000165,2022-10-29,D,D,196.4,maison,1890,106 PLACE COLBERT 24430 ANNESSE-ET-BEAULIEU,24430,24016,24016_2819_00106,0.88,191.5,9.35,0.557,45.087,24016000D0206
2333E0000170,2023-06-27,C,D,165.0,maison,1962,19 RUE GAMBETTA 33000 BORDEAUX,33000,33063,33063_9939_00019,0.92,159.8,4.47,-0.5792,44.8378,33063000E0438
2333E0000559,2022-09-02,C,F,73.0,appartement,1930,13 AVENUE THIERS 33000 BORDEAUX,33000,33063,33063_5868_00013,0.71,155.6,3.31,-0.5792,44.8378,33063000D0120
2333E0000179,2023-12-25,D,D,208.0,maison,1994,172 COURS DE L ARGONNE 33000 BORDEAUX,33000,33063,33063_8771_00172,0.55,178.5,6.05,-0.5792,44.8378,33063000C0779
2317E0000047,2022-10-13,C,D,44.0,appartement,1983,153 ALLEE DES CHENES 17300 ROCHEFORT,17300,17300,17300_7868_00153,0.71,149.6,7.16,-0.9628,45.9414,17300000A0661
2333E0000872,2023-05-05,F,E,38.0,appartement,1930,159 COURS DE L ARGONNE 33000 BORDEAUX,33000,33063,33063_9352_00159,0.92,323.7,15.01,-0.5792,44.8378,33063000D0187
2333E0000602,2021-06-02,E,D,,maison,2003,160 RUE GAMBETTA 33000 BORDEAUX,33000,33063,33063_9976_00160,0.98,295.5,6.49,-0.5792,44.8378,33063000D0738
2324E0000130,2023-01-11,D,C,113.0,maison,2003,135 COURS DE L ARGONNE 24430 ANNESSE-ET-BEAULIEU,24430,24016,24016_9069_00135,0.98,208.7,12.78,0.557,45.087,24016000D0985
2317E0000523,2021-12-26,F,B,68.0,appartement,2011,65 RUE DU PALAIS 17300 ROCHEFORT,17300,17300,17300_2142_00065,0.88,362.9,32.5,-0.9628,45.9414,17300000E0598
COR-ET1,2023-05-18,N,F,339.1,maison,1962,78 RUE GAMBETTA 17300 ROCHEFORT,17300,17300,17300_3396_00078,0.88,329.5,21.36,-0.9628,45.9414,17300000E0829
2324E0000886,2021-08-19,D,B,200.0,maison,2011,71 PLACE COLBERT 24430 ANNESSE-ET-BEAULIEU,24430,24016,24016_2207_00071,0.95,170.8,7.27,0.557,45.087,24016000D0836
2317E0000543,2022-04-21,D,D,65.0,appartement,1994,94 RUE GAMBETTA 17300 ROCHEFORT,17300,17300,17300_3679_00094,0.98,193.3,5.56,-0.9628,45.9414,17300000E0418
2324E0000880,2024-08-27,D,E,202.0,maison,1983,162 RUE SAINTE CATHERINE 24430 ANNESSE-ET-BEAULIEU,24430,24016,24016_1353_00162,0.95,214.6,11.22,0.557,45.087,24016000Z0344
2324E0000693,2023-06-15,E,C,118.0,maison,2003,161 COURS DE L ARGONNE 24430 ANNESSE-ET-BEAULIEU,24430,24016,24016_7108_00161,0.71,298.4,22.77,0.557,45.087,24016000A0624
2324E0000176,2023-12-27,D,E,76.0,appartement,2011,177 RUE SAINTE CATHERINE 24430 ANNESSE-ET-BEAULIEU,24430,24016,24016_6056_00177,0.95,203.5,7.97,0.557,45.087,24016000A0540
2333E0000183,2022-12-29,E,E,,appartement,1994,133 IMPASSE DES VIGNES 33000 BORDEAUX,33000,33063,33063_3334_00133,0.98,291.2,9.63,-0.5792,44.8378,33063000D0573
2333E0000597,2021-10-21,D,C,104.0,appartement,2011,109 PLACE COLBERT 33000 BORDEAUX,33000,33063,33063_8867_00109,0.71,172.9,14.4,-0.5792,44.8378,33063000E0287
2333E0000084,2022-05-24,F,D,93.0,appartement,2011,75 RUE GAMBETTA 33000 BORDEAUX,33000,33063,33063_4849_00075,0.88,309.8,13.66,-0.5792,44.8378,33063000B0947
2333E0000621,2022-09-12,G,D,77.0,maison,1930,40 ALLEE DES CHENES 33000 BORDEAUX,33000,33063,33063_9576_00040,0.92,422.3,33.1,-0.5792,44.8378,33063000A0933
COR-DT2,0001-01-01x,D,D,83.0,appartement,1962,179 ROUTE DE PERIGUEUX 24430 ANNESSE-ET-BEAULIEU,24430,24016,24016_1626_00179,0.95,195.8,5.02,0.557,45.087,24016000B0267
2333E0000894,2022-04-16,D,E,70.0,appartement,,48 RUE GAMBETTA 33000 BORDEAUX,33000,33063,33063_6863_00048,0.71,227.2,12.12,-0.5792,44.8378,33063000A0043
2317E0000042,2020-12-21,C,F,,maison,1962,108 PLACE COLBERT 17300 ROCHEFORT,17300,17300,17300_6080_00108,0.92,132.3,9.4,-0.9628,45.9414,17300000E0890
2333E0000274,2022-08-27,A,C,178.0,maison,2019,45 ROUTE DE PERIGUEUX 33000 BORDEAUX,33000,33063,33063_4656_00045,0.88,63.8,2.95,-0.5792,44.8378,33063000E0172
2333E0000562,2022-11-17,E,E,58.0,appartement,1983,48 COURS DE L ARGONNE 33000 BORDEAUX,33000,33063,33063_7694_00048,0.98,291.1,14.21,-0.5792,44.8378,33063000B0642
2317E0000261,2023-01-12,G,E,95.0,maison,2011,54 IMPASSE DES VIGNES 17300 ROCHEFORT,17300,17300,17300_7430_00054,0.98,496.2,14.56,-0.9628,45.9414,17300000B0914
2333E0000679,2023-10-12,G,B,148.0,maison,2019,126 RUE GAMBETTA 33000 BORDEAUX,33000,33063,33063_3683_00126,0.92,491.1,27.56,-0.5792,44.8378,33063000E0710
2333E0000588,2021-11-04,F,D,200.0,maison,2003,141 RUE DU PALAIS 33000 BORDEAUX,33000,33063,33063_5450_00141,0.98,401.4,35.96,-0.5792,44.8378,33063000A0139
2317E0000361,2023-03-02,D,D,50.0,appartement,1930,81 PLACE COLBERT 17300 ROCHEFORT,17300,17300,17300_4721_00081,0.98,187.0,12.72,-0.9628,45.9414,17300000D0652
2333E0000767,2023-10-06,G,D,197.0,maison,,42 AVENUE THIERS 33000 BORDEAUX,33000,33063,33063_3314_00042,0.92,501.8,31.25,-0.5792,44.8378,33063000Z0477
2317E0000317,2024-07-12,E,E,195.0,maison,2011,115 COURS DE L ARGONNE 17300 ROCHEFORT,17300,17300,17300_8760_00115,0.95,255.7,14.28,-0.9628,45.9414,17300000D0900
2317E0000063,2023-01-25,B,D,36.0,appartement,,120 RUE SAINTE CATHERINE 17300 ROCHEFORT,17300,17300,17300_8244_00120,0.98,88.3,6.36,-0.9628,45.9414,17300000B0790
COR-ET3,2023-07-07,-,E,105.2,appartement,1994,28 RUE DU PALAIS 33000 BORDEAUX,33000,33063,33063_5992_00028,0.92,371.2,9.86,-0.5792,44.8378,33063000D0029
2324E0000098,2022-05-29,F,E,58.0,appartement,2011,132 COURS DE L ARGONNE 24430 ANNESSE-ET-BEAULIEU,24430,24016,24016_6498_00132,0.92,377.1,10.92,0.557,45.087,24016000Z0536
2317E0000134,2023-12-11,G,D,40.0,appartement,1983,95 AVENUE THIERS 17300 ROCHEFORT,17300,17300,17300_4147_00095,0.95,454.9,33.31,-0.9628,45.9414,17300000C0807
2324E0000052,2022-05-17,G,G,95.0,maison,2019,36 RUE DU PALAIS 24430 ANNESSE-ET-BEAULIEU,24430,24016,24016_2757_00036,0.98,422.3,16.47,0.557,45.087,24016000D0575
2317E0000511,2023-10-30,F,F,106.0,maison,2011,174 ALLEE DES CHENES 17300 ROCHEFORT,17300,17300,17300_1136_00174,0.88,341.2,13.46,-0.9628,45.9414,17300000E0420
2317E0000644,2023-08-26,F,C,103.0,maison,1930,131 ROUTE DE PERIGUEUX 17300 ROCHEFORT,17300,17300,17300_8410_00131,0.88,363.2,13.89,-0.9628,45.9414,17300000D0154
2333E0000363,2022-04-17,D,E,144.0,maison,,65 RUE SAINTE CATHERINE 33000 BORDEAUX,33000,33063,33063_9126_00065,0.55,216.9,16.06,-0.5792,44.8378,33063000C0945
2333E0000805,2024-01-27,F,B,72.0,appartement,2011,174 ROUTE DE PERIGUEUX 33000 BORDEAUX,33000,33063,33063_7165_00174,0.92,326.1,16.69,-0.5792,44.8378,33063000B0842
2324E0000275,2025-06-26,D,D,,appartement,1975,6 COURS DE L ARGONNE 24430 ANNESSE-ET-BEAULIEU,24430,24016,24016_1763_00006,0.92,181.1,6.72,0.557,45.087,24016000D0163
2333E0000271,2022-12-08,C,B,165.0,maison,2011,36 ROUTE DE PERIGUEUX 33000 BORDEAUX,33000,33063,33063_7897_00036,0.95,129.5,10.16,-0.5792,44.8378,33063000E0258
2333E0000155,2023-03-05,D,F,85.0,appartement,2019,90 RUE DU PALAIS 33000 BORDEAUX,33000,33063,33063_6188_00090,0.98,170.1,11.34,-0.5792,44.8378,33063000A0046
2324E0000219,2025-04-03,E,F,79.0,appartement,2003,93 ALLEE DES CHENES 24430 ANNESSE-ET-BEAULIEU,24430,24016,24016_6063_00093,0.88,275.1,7.89,0.557,45.087,24016000Z0530
2324E0000681,2023-09-06,D,F,35.0,appartement,1890,138 AVENUE THIERS 24430 ANNESSE-ET-BEAULIEU,24430,24016,24016_3484_00138,0.95,214.1,18.11,0.557,45.087,24016000D0990
2324E0000056,2022-03-07,D,E,,maison,1930,173 ALLEE DES CHENES 24430 ANNESSE-ET-BEAULIEU,24430,24016,24016_8889_00173,0.88,214.5,7.07,0.557,45.087,24016000E0446
2333E0000594,2022-11-30,G,D,48.0,appartement,1983,96 PLACE COLBERT 33000 BORDEAUX,33000,33063,33063_2968_00096,0.88,442.7,27.07,-0.5792,44.8378,33063000B0547
2324E0000405,2023-05-02,C,D,102.4,appartement,1930,86 IMPASSE DES VIGNES 24430 ANNESSE-ET-BEAULIEU,24430,24016,24016_8167_00086,0.95,140.2,4.0,0.557,45.087,24016000A0404
2324E0000720,2022-12-11,A,E,99.0,maison,2003,83 ROUTE DE PERIGUEUX 24430 ANNESSE-ET-BEAULIEU,24430,24016,24016_1886_00083,0.92,51.9,1.88,0.557,45.087,24016000B0428
2324E0000829,2021-11-04,E,F,164.0,maison,,153 ALLEE DES CHENES 24430 ANNESSE-ET-BEAULIEU,24430,24016,24016_2217_00153,0.95,242.4,7.42,0.557,45.087,24016000B0367
2317E0000002,2022-04-07,E,D,66.0,appartement,2011,139 COURS DE L ARGONNE 17300 ROCHEFORT,17300,17300,17300_3431_00139,0.92,288.7,20.88,-0.9628,45.9414,17300000C0995
2333E0000255,2021-08-05,C,G,95.0,maison,1962,150 RUE DU PALAIS 33000 BORDEAUX,33000,33063,33063_1850_00150,0.98,134.3,7.09,-0.5792,44.8378,33063000Z0132
2333E0000888,2022-10-21,G,B,154.0,maison,1983,78 IMPASSE DES VIGNES 33000 BORDEAUX,33000,33063,33063_3336_00078,0.88,493.8,34.69,-0.5792,44.8378,33063000D0529
2317E0000569,2023-12-04,D,G,205.0,maison,1994,142 AVENUE THIERS 17300 ROCHEFORT,17300,17300,17300_6254_00142,0.92,193.3,12.56,-0.9628,45.9414,17300000B0211
2324E0000293,2022-11-26,D,A,41.0,appartement,1930,161 ROUTE DE PERIGUEUX 24430 ANNESSE-ET-BEAULIEU,24430,24016,24016_5027_00161,0.92,209.5,7.45,0.557,45.087,24016000E0688
2324E0000515,2022-01-15,D,F,114.0,maison,1994,46 ROUTE DE PERIGUEUX 24430 ANNESSE-ET-BEAULIEU,24430,24016,24016_8872_00046,0.88,216.1,16.07,0.557,45.087,24016000D0469
2333E0000234,2024-01-07,D,E,38.0,appartement,1975,174 RUE GAMBETTA 33000 BORDEAUX,33000,33063,33063_7782_00174,0.92,197.0,13.29,-0.5792,44.8378,33063000Z0823
2324E0000005,2024-03-16,F,E,128.9,maison,,88 AVENUE THIERS 24430 ANNESSE-ET-BEAULIEU,24430,24016,24016_5334_00088,0.95,334.1,24.8,0.557,45.087,24016000D0831
2317E0000593,2024-04-10,C,E,74.0,appartement,2003,15 IMPASSE DES VIGNES 17300 ROCHEFORT,17300,17300,17300_2479_00015,0.71,138.0,3.89,-0.9628,45.9414,17300000Z0354
2333E0000193,2022-06-22,F,C,63.0,appartement,2011,118 RUE SAINTE CATHERINE 33000 BORDEAUX,33000,33063,33063_8793_00118,0.71,358.6,21.16,-0.5792,44.8378,33063000E0658
2333E0000220,2022-11-24,C,B,87.0,appartement,1930,69 RUE SAINTE CATHERINE 33000 BORDEAUX,33000,33063,33063_3969_00069,0.55,149.8,3.13,-0.5792,44.8378,33063000C0822
2333E0000899,2022-04-02,D,C,58.0,appartement,1890,133 RUE DU PALAIS 33000 BORDEAUX,33000,33063,33063_5783_00133,0.92,205.0,11.19,-0.5792,44.8378,33063000Z0701
2317E0000394,2025-03-31,D,G,161.0,maison,1890,60 ROUTE DE PERIGUEUX 17300 ROCHEFORT,17300,17300,17300_1500_00060,0.98,219.6,13.34,-0.9628,45.9414,17300000B0426
2333E0000796,2024-08-18,F,D,93.0,appartement,1994,5 RUE DU PALAIS 33000 BORDEAUX,33000,33063,33063_1854_00005,0.98,311.3,10.16,-0.5792,44.8378,33063000C0965
2317E0000059,2023-08-30,E,C,86.0,maison,1930,76 IMPASSE DES VIGNES 17300 ROCHEFORT,17300,17300,17300_7613_00076,0.71,270.5,14.97,-0.9628,45.9414,17300000A0903
2333E0000684,2023-06-19,D,F,128.8,appartement,2019,157 RUE GAMBETTA 33000 BORDEAUX,33000,33063,33063_5976_00157,0.98,211.5,7.75,-0.5792,44.8378,33063000D0479
2333E0000874,2021-06-08,D,F,120.0,appartement,1930,90 AVENUE THIERS 33000 BORDEAUX,33000,33063,33063_3920_00090,0.88,213.0,8.97,-0.5792,44.8378,33063000A0978
2317E0000673,2024-02-07,E,E,54.0,appartement,1994,75 PLACE COLBERT 17300 ROCHEFORT,17300,17300,17300_2915_00075,0.88,316.8,20.68,-0.9628,45.9414,17300000Z0814
2317E0000869,2022-10-02,E,F,45.0,appartement,2003,17 AVENUE THIERS 17300 ROCHEFORT,17300,17300,17300_8821_00017,0.92,315.0,7.75,-0.9628,45.9414,17300000A0200
2324E0000677,2023-06-13,D,E,88.0,maison,2003,105 COURS DE L ARGONNE 24430 ANNESSE-ET-BEAULIEU,24430,24016,24016_8241_00105,0.98,189.3,7.03,0.557,45.087,24016000A0075
2317E0000627,2021-04-16,D,G,202.0,maison,1994,59 RUE SAINTE CATHERINE 17300 ROCHEFORT,17300,17300,17300_9999_00059,0.98,209.4,17.75,-0.9628,45.9414,17300000A0392
2324E0000667,2024-04-16,A,F,113.0,maison,2011,75 RUE GAMBETTA 24430 ANNESSE-ET-BEAULIEU,24430,24016,24016_3027_00075,0.88,58.2,2.29,0.557,45.087,24016000Z0969
2333E0000126,2023-01-30,D,C,256.6,maison,2003,111 IMPASSE DES VIGNES 33000 BORDEAUX,33000,33063,33063_5029_00111,0.71,181.8,10.14,-0.5792,44.8378,33063000D0607
2317E0000840,2023-08-18,E,E,155.0,maison,2019,138 ROUTE DE PERIGUEUX 17300 ROCHEFORT,17300,17300,17300_3960_00138,0.95,249.8,13.19,-0.9628,45.9414,17300000C0383
2324E0000838,2023-04-09,E,D,76.0,appartement,2019,63 PLACE COLBERT 24430 ANNESSE-ET-BEAULIEU,24430,24016,24016_9597_00063,0.95,283.6,10.7,0.557,45.087,24016000C0046
2317E0000754,2023-09-13,F,D,117.0,maison,1962,105 RUE DU PALAIS 17300 ROCHEFORT,17300,17300,17300_7477_00105,0.95,341.6,11.52,-0.9628,45.9414,17300000E0136
2317E0000575,2023-08-13,D,D,123.0,maison,1930,137 ROUTE DE PERIGUEUX 17300 ROCHEFORT,17300,17300,17300_6607_00137,0.98,197.4,14.25,-0.9628,45.9414,17300000C0340
2317E0000768,2023-01-13,D,G,33.0,appartement,2011,23 RUE SAINTE CATHERINE 17300 ROCHEFORT,17300,17300,17300_3696_00023,0.95,211.4,13.57,-0.9628,45.9414,17300000D0409
2333E0000471,2023-06-02,C,E,85.0,appartement,2019,12 ALLEE DES CHENES 33000 BORDEAUX,33000,33063,33063_6229_00012,0.71,129.5,6.25,-0.5792,44.8378,33063000A0504
2333E0000426,2025-01-02,E,D,202.0,maison,1890,141 AVENUE THIERS 33000 BORDEAUX,33000,33063,33063_8823_00141,0.92,291.4,10.05,-0.5792,44.8378,33063000Z0539
2333E0000624,2022-05-01,D,D,79.0,maison,2011,152 RUE DU PALAIS 33000 BORDEAUX,33000,33063,33063_9812_00152,0.95,207.4,13.47,-0.5792,44.8378,33063000D0568
2324E0000789,2024-07-30,D,F,42.0,appartement,1983,90 RUE SAINTE CATHERINE 24430 ANNESSE-ET-BEAULIEU,24430,24016,24016_8398_00090,0.95,213.2,4.84,0.557,45.087,24016000A0496
2333E0000432,2022-11-04,A,F,42.0,appartement,1983,76 ALLEE DES CHENES 33000 BORDEAUX,33000,33063,33063_3877_00076,0.88,68.7,5.65,-0.5792,44.8378,33063000A0536
2324E0000051,2023-01-21,D,G,86.0,appartement,2003,175 AVENUE THIERS 24430 ANNESSE-ET-BEAULIEU,24430,24016,24016_6127_00175,0.98,223.9,18.16,0.557,45.087,24016000E0737
2317E0000337,2022-09-23,G,E,71.0,appartement,2003,122 RUE SAINTE CATHERINE 17300 ROCHEFORT,17300,17300,17300_1545_00122,0.98,452.0,29.1,-0.9628,45.9414,17300000Z0718
2324E0000100,2021-12-21,F,F,74.0,appartement,1930,76 RUE DU PALAIS 24430 ANNESSE-ET-BEAULIEU,24430,24016,24016_2906_00076,0.98,402.8,9.24,0.557,45.087,24016000D0710
2333E0000670,2022-06-07,E,F,88.0,appartement,2003,76 ALLEE DES CHENES 33000 BORDEAUX,33000,33063,33063_2213_00076,0.92,241.2,9.8,-0.5792,44.8378,33063000B0791
2333E0000013,2023-10-07,E,B,41.0,appartement,1975,31 ALLEE DES CHENES 33000 BORDEAUX,33000,33063,33063_1863_00031,0.92,292.5,12.17,-0.5792,44.8378,33063000Z0084
2317E0000430,2024-02-24,D,E,180.0,maison,,134 AVENUE THIERS 17300 ROCHEFORT,17300,17300,17300_4028_00134,0.95,196.4,15.92,-0.9628,45.9414,17300000D0118
2333E0000377,2023-11-24,F,F,44.0,appartement,1890,164 ALLEE DES CHENES 33000 BORDEAUX,33000,33063,33063_9191_00164,0.95,385.1,16.22,-0.5792,44.8378,33063000C0477
2333E0000478,2022-10-23,D,E,116.0,maison,1890,56 RUE SAINTE CATHERINE 33000 BORDEAUX,33000,33063,33063_3299_00056,0.95,209.5,11.76,-0.5792,44.8378,33063000E0950
2317E0000717,2023-08-23,G,A,72.0,appartement,1975,89 IMPASSE DES VIGNES 17300 ROCHEFORT,17300,17300,17300_3271_00089,0.98,416.1,21.59,-0.9628,45.9414,17300000D0135
2333E0000691,2023-05-04,D,E,,maison,1975,20 RUE GAMBETTA 33000 BORDEAUX,33000,33063,33063_6480_00020,0.95,192.7,4.93,-0.5792,44.8378,33063000D0442
2324E0000816,2023-10-18,D,E,33.0,appartement,,121 IMPASSE DES VIGNES 24430 ANNESSE-ET-BEAULIEU,24430,24016,24016_5386_00121,0.92,193.7,16.4,0.557,45.087,24016000A0439
2317E0000402,2021-10-22,D,B,79.0,maison,1983,83 IMPASSE DES VIGNES 17300 ROCHEFORT,17300,17300,17300_7906_00083,0.71,178.3,15.04,-0.9628,45.9414,17300000D0460
2333E0000016,2024-03-31,F,G,68.0,appartement,1962,160 PLACE COLBERT 33000 BORDEAUX,33000,33063,33063_5809_00160,0.98,341.1,9.06,-0.5792,44.8378,33063000Z0210
2317E0000736,2021-07-04,C,C,78.0,appartement,1975,147 COURS DE L ARGONNE 17300 ROCHEFORT,17300,17300,17300_6128_00147,0.95,139.1,9.23,-0.9628,45.9414,17300000A0567
2317E0000164,2023-10-13,D,C,189.0,maison,2011,153 RUE GAMBETTA 17300 ROCHEFORT,17300,17300,17300_7360_00153,0.98,221.7,9.05,-0.9628,45.9414,17300000Z0618
2317E0000622,2022-12-11,B,E,138.0,maison,2003,133 COURS DE L ARGONNE 17300 ROCHEFORT,17300,17300,17300_7494_00133,0.92,97.2,2.48,-0.9628,45.9414,17300000C0924
2324E0000140,2023-05-19,D,F,174.0,maison,,149 RUE SAINTE CATHERINE 24430 ANNESSE-ET-BEAULIEU,24430,24016,24016_6191_00149,0.98,222.3,17.65,0.557,45.087,24016000D0294
2324E0000766,2023-03-15,G,E,82.0,maison,2003,138 RUE SAINTE CATHERINE 24430 ANNESSE-ET-BEAULIEU,24430,24016,24016_6999_00138,0.71,448.1,23.23,0.557,45.087,24016000A0250
2317E0000262,2024-12-17,D,D,76.0,maison,1975,87 RUE DU PALAIS 17300 ROCHEFORT,17300,17300,17300_4052_00087,0.95,207.8,12.52,-0.9628,45.9414,17300000E0565
2333E0000399,2022-03-08,E,B,,maison,1994,112 PLACE COLBERT 33000 BORDEAUX,33000,33063,33063_6309_00112,0.98,284.3,18.3,-0.5792,44.8378,33063000B0547
2317E0000369,2022-07-30,C,D,82.0,appartement,2011,30 RUE SAINTE CATHERINE 17300 ROCHEFORT,17300,17300,17300_8243_00030,0.71,129.4,10.21,-0.9628,45.9414,17300000B0836
2333E0000348,2021-11-08,B,G,141.0,maison,1975,128 RUE GAMBETTA 33000 BORDEAUX,33000,33063,33063_7665_00128,0.95,99.0,7.42,-0.5792,44.8378,33063000Z0255
COR-ET7,2022-02-13,-,C,31.0,maison,2019,172 ALLEE DES CHENES 24430 ANNESSE-ET-BEAULIEU,24430,24016,24016_2326_00172,0.98,296.1,23.47,0.557,45.087,24016000Z0852
2324E0000858,2025-08-12,E,E,203.0,maison,1983,178 COURS DE L ARGONNE 24430 ANNESSE-ET-BEAULIEU,24430,24016,24016_1927_00178,0.55,253.6,9.12,0.557,45.087,24016000A0120
2324E0000038,2022-04-08,D,B,34.0,appartement,,128 RUE SAINTE CATHERINE 24430 ANNESSE-ET-BEAULIEU,24430,24016,24016_4658_00128,0.92,226.8,13.12,0.557,45.087,24016000E0928
2317E0000866,2021-12-08,E,G,143.0,maison,2019,63 ROUTE DE PERIGUEUX 17300 ROCHEFORT,17300,17300,17300_7515_00063,0.71,290.1,14.05,-0.9628,45.9414,17300000B0591
2324E0000536,2023-02-26,G,F,207.0,maison,2011,92 COURS DE L ARGONNE 24430 ANNESSE-ET-BEAULIEU,24430,24016,24016_4478_00092,0.88,431.4,19.32,0.557,45.087,24016000Z0505
2333E0000105,2021-01-18,D,C,200.0,maison,1975,11 IMPASSE DES VIGNES 33000 BORDEAUX,33000,33063,33063_2240_00011,0.88,196.9,6.11,-0.5792,44.8378,33063000Z0937
2333E0000854,2023-04-01,E,C,178.0,maison,1975,21 COURS DE L ARGONNE 33000 BORDEAUX,33000,33063,33063_1518_00021,0.95,282.5,16.42,-0.5792,44.8378,33063000E0981
2333E0000804,2024-07-27,E,F,172.0,maison,1994,145 IMPASSE DES VIGNES 33000 BORDEAUX,33000,33063,33063_5962_00145,0.92,250.1,13.69,-0.5792,44.8378,33063000C0443
2317E0000618,2024-02-22,A,E,99.0,maison,1975,119 RUE GAMBETTA 17300 ROCHEFORT,17300,17300,17300_2337_00119,0.88,55.1,4.15,-0.9628,45.9414,17300000C0543
2317E0000393,2024-05-17,F,C,92.0,maison,2011,157 ALLEE DES CHENES 17300 ROCHEFORT,17300,17300,17300_9540_00157,0.98,365.7,13.99,-0.9628,45.9414,17300000D0336
2324E0000088,2023-10-24,G,D,155.0,maison,2003,140 COURS DE L ARGONNE 24430 ANNESSE-ET-BEAULIEU,24430,24016,24016_7509_00140,0.88,451.4,26.97,0.557,45.087,24016000E0190
2317E0000028,2022-08-11,F,D,166.0,maison,2011,177 COURS DE L ARGONNE 17300 ROCHEFORT,17300,17300,17300_5580_00177,0.98,385.6,15.88,-0.9628,45.9414,17300000A0575
2317E0000020,2021-10-21,C,D,89.0,maison,1983,167 PLACE COLBERT 17300 ROCHEFORT,17300,17300,17300_1573_00167,0.88,130.2,7.65,-0.9628,45.9414,17300000C0276
2333E0000534,2022-09-15,F,C,161.4,appartement,1930,99 RUE SAINTE CATHERINE 33000 BORDEAUX,33000,33063,33063_3886_00099,0.95,315.6,13.81,-0.5792,44.8378,33063000A0564
2317E0000053,2023-08-27,C,G,82.0,appartement,1975,155 ALLEE DES CHENES 17300 ROCHEFORT,17300,17300,17300_8926_00155,0.88,135.2,10.71,-0.9628,45.9414,17300000C0841
2324E0000826,2024-06-15,F,B,115.0,maison,,118 ALLEE DES CHENES 24430 ANNESSE-ET-BEAULIEU,24430,24016,24016_1152_00118,0.92,322.0,10.76,0.557,45.087,24016000C0378
2333E0000658,2021-12-24,D,C,38.0,appartement,1994,15 COURS DE L ARGONNE 33000 BORDEAUX,33000,33063,33063_4943_00015,0.98,224.4,13.94,-0.5792,44.8378,33063000D0200
2324E0000357,2022-03-28,D,F,91.0,appartement,2003,110 PLACE COLBERT 24430 ANNESSE-ET-BEAULIEU,24430,24016,24016_3259_00110,0.95,177.1,13.14,0.557,45.087,24016000Z0183
2324E0000586,2022-09-24,E,D,54.0,appartement,1975,92 RUE GAMBETTA 24430 ANNESSE-ET-BEAULIEU,24430,24016,24016_4035_00092,0.95,245.8,7.17,0.557,45.087,24016000E0752
2333E0000487,2025-03-15,C,C,86.0,maison,2003,109 ALLEE DES CHENES 33000 BORDEAUX,33000,33063,33063_5683_00109,0.92,140.0,4.7,-0.5792,44.8378,33063000D0031
2324E0000641,2024-10-30,F,F,44.0,appartement,,76 RUE GAMBETTA 24430 ANNESSE-ET-BEAULIEU,24430,24016,24016_8776_00076,0.98,361.0,14.42,0.557,45.087,24016000C0109
2317E0000877,2022-05-07,G,E,65.0,appartement,1962,143 RUE DU PALAIS 17300 ROCHEFORT,17300,17300,17300_4674_00143,0.88,507.7,16.79,-0.9628,45.9414,17300000Z0007
2324E0000567,2021-10-10,D,E,75.0,appartement,1890,119 RUE SAINTE CATHERINE 24430 ANNESSE-ET-BEAULIEU,24430,24016,24016_4435_00119,0.88,221.1,11.12,0.557,45.087,24016000A0002
2333E0000611,2024-08-10,D,C,260.4,maison,2011,114 PLACE COLBERT 33000 BORDEAUX,33000,33063,33063_3947_00114,0.98,201.5,13.97,-0.5792,44.8378,33063000Z0154
2317E0000007,2023-05-15,E,E,56.0,appartement,2003,21 IMPASSE DES VIGNES 17300 ROCHEFORT,17300,17300,17300_4117_00021,0.71,284.2,21.84,-0.9628,45.9414,17300000C0432
2317E0000396,2025-03-28,E,D,177.0,maison,1890,170 RUE DU PALAIS 17300 ROCHEFORT,17300,17300,17300_7070_00170,0.98,258.2,7.9,-0.9628,45.9414,17300000D0007
2324E0000349,2022-08-18,F,B,155.0,maison,2019,34 ROUTE DE PERIGUEUX 24430 ANNESSE-ET-BEAULIEU,24430,24016,24016_9897_00034,0.92,389.8,10.1,0.557,45.087,24016000E0341
2324E0000160,2022-11-27,E,F,85.0,appartement,2003,4 RUE GAMBETTA 24430 ANNESSE-ET-BEAULIEU,24430,24016,24016_6168_00004,0.95,285.8,9.21,0.557,45.087,24016000E0261
,2022-10-22,F,E,153.0,maison,,126 AVENUE THIERS 33000 BORDEAUX,33000,33063,33063_3897_00126,0.98,397.6,30.25,-0.5792,44.8378,33063000C0925
2317E0000692,2021-06-21,F,E,170.0,maison,1890,84 ALLEE DES CHENES 17300 ROCHEFORT,17300,17300,17300_8816_00084,0.98,376.3,25.71,-0.9628,45.9414,17300000C0140
2333E0000698,2021-02-02,D,E,71.0,appartement,1890,65 PLACE COLBERT 33000 BORDEAUX,33000,33063,33063_2025_00065,0.92,176.3,7.01,-0.5792,44.8378,33063000Z0029
2317E0000424,2022-01-03,C,D,109.0,maison,1890,36 IMPASSE DES VIGNES 17300 ROCHEFORT,17300,17300,17300_5866_00036,0.88,126.7,3.92,-0.9628,45.9414,17300000E0710
2317E0000068,2023-04-09,F,G,154.0,maison,1994,13 PLACE COLBERT 17300 ROCHEFORT,17300,17300,17300_3376_00013,0.98,380.9,27.82,-0.9628,45.9414,17300000C0890
2324E0000803,2023-10-17,E,E,176.0,maison,2019,17 RUE DU PALAIS 24430 ANNESSE-ET-BEAULIEU,24430,24016,24016_3921_00017,0.55,314.1,15.51,0.557,45.087,24016000B0137
2333E0000476,2021-12-31,D,A,42.0,appartement,1994,78 RUE SAINTE CATHERINE 33000 BORDEAUX,33000,33063,33063_2811_00078,0.88,188.5,6.41,-0.5792,44.8378,33063000Z0912
2317E0000257,2023-11-04,E,B,104.0,maison,1994,152 RUE DU PALAIS 17300 ROCHEFORT,17300,17300,17300_7290_00152,0.88,319.1,11.81,-0.9628,45.9414,17300000D0790
2317E0000366,2022-05-07,E,F,30.0,appartement,1962,168 AVENUE THIERS 17300 ROCHEFORT,17300,17300,17300_1037_00168,0.55,244.9,14.73,-0.9628,45.9414,17300000Z0367
2333E0000864,2023-11-26,B,D,56.0,appartement,2019,78 PLACE COLBERT 33000 BORDEAUX,33000,33063,33063_8170_00078,0.92,80.9,4.03,-0.5792,44.8378,33063000B0545
2317E0000204,2025-01-17,D,C,84.0,appartement,2003,139 COURS DE L ARGONNE 17300 ROCHEFORT,17300,17300,17300_6837_00139,0.98,195.1,4.35,-0.9628,45.9414,17300000A0836
2317E0000143,2022-10-07,D,C,79.0,appartement,1930,16 IMPASSE DES VIGNES 17300 ROCHEFORT,17300,17300,17300_3243_00016,0.88,207.5,15.93,-0.9628,45.9414,17300000C0517
,2022-11-05,F,F,247.4,maison,1890,120 AVENUE THIERS 33000 BORDEAUX,33000,33063,33063_1162_00120,0.98,337.2,26.73,-0.5792,44.8378,33063000B0418
2333E0000591,2023-03-22,B,G,50.0,appartement,1930,89 IMPASSE DES VIGNES 33000 BORDEAUX,33000,33063,33063_3966_00089,0.98,79.7,6.54,-0.5792,44.8378,33063000D0933
2317E0000482,2022-10-01,F,G,73.0,appartement,1962,22 RUE SAINTE CATHERINE 17300 ROCHEFORT,17300,17300,17300_6626_00022,0.98,382.0,25.46,-0.9628,45.9414,17300000D0007
2317E0000758,2022-04-30,E,G,184.0,maison,2019,153 ROUTE DE PERIGUEUX 17300 ROCHEFORT,17300,17300,17300_7438_00153,0.95,250.3,12.39,-0.9628,45.9414,17300000E0574
2333E0000438,2022-08-19,C,D,469.2,maison,1962,57 PLACE COLBERT 33000 BORDEAUX,33000,33063,33063_7721_00057,0.92,150.0,10.79,-0.5792,44.8378,33063000A0846
2317E0000032,2023-02-22,C,C,55.0,appartement,1962,95 ROUTE DE PERIGUEUX 17300 ROCHEFORT,17300,17300,17300_5770_00095,0.92,134.5,5.58,-0.9628,45.9414,17300000C0509
2333E0000125,2023-01-20,D,D,67.0,appartement,1983,49 COURS DE L ARGONNE 33000 BORDEAUX,33000,33063,33063_9792_00049,0.95,191.8,9.43,-0.5792,44.8378,33063000A0943
2324E0000086,2021-07-28,G,E,87.0,appartement,2003,19 ALLEE DES CHENES 24430 ANNESSE-ET-BEAULIEU,24430,24016,24016_9192_00019,0.88,458.3,24.91,0.557,45.087,24016000Z0744
2324E0000835,2022-08-26,F,A,44.0,appartement,1962,70 ALLEE DES CHENES 24430 ANNESSE-ET-BEAULIEU,24430,24016,24016_3582_00070,0.98,344.5,23.91,0.557,45.087,24016000A0143
2324E0000081,2021-01-29,D,E,163.0,maison,1930,16 RUE SAINTE CATHERINE 24430 ANNESSE-ET-BEAULIEU,24430,24016,24016_1781_00016,0.98,197.9,14.3,0.557,45.087,24016000B0637
2324E0000195,2023-06-19,E,E,167.0,maison,1994,141 ALLEE DES CHENES 24430 ANNESSE-ET-BEAULIEU,24430,24016,24016_7219_00141,0.88,317.6,14.3,0.557,45.087,24016000Z0249
2333E0000122,2023-05-26,D,E,34.0,appartement,1962,147 RUE GAMBETTA 33000 BORDEAUX,33000,33063,33063_8417_00147,0.95,175.9,12.4,-0.5792,44.8378,33063000D0263
2324E0000884,2022-09-27,D,C,73.0,appartement,1930,158 COURS DE L ARGONNE 24430 ANNESSE-ET-BEAULIEU,24430,24016,24016_6496_00158,0.88,212.4,17.88,0.557,45.087,24016000E0445
2333E0000876,2021-12-12,D,F,90.0,appartement,,180 IMPASSE DES VIGNES 33000 BORDEAUX,33000,33063,33063_1504_00180,0.92,208.3,9.76,-0.5792,44.8378,33063000Z0992
2317E0000123,2022-12-20,E,D,33.0,appartement,1962,130 RUE GAMBETTA 17300 ROCHEFORT,17300,17300,17300_3720_00130,0.98,266.5,11.49,-0.9628,45.9414,17300000A0529
,2021-09-28,E,F,58.0,appartement,2019,43 AVENUE THIERS 24430 ANNESSE-ET-BEAULIEU,24430,24016,24016_7764_00043,0.95,277.4,24.66,0.557,45.087,24016000B0081
2324E0000230,2021-06-03,E,E,65.0,appartement,2003,112 COURS DE L ARGONNE 24430 ANNESSE-ET-BEAULIEU,24430,24016,24016_1547_00112,0.71,243.5,18.95,0.557,45.087,24016000A0253
2333E0000079,2022-09-29,E,D,31.0,appartement,1930,131 ALLEE DES CHENES 33000 BORDEAUX,33000,33063,33063_7135_00131,0.92,247.0,12.16,-0.5792,44.8378,33063000Z0134
COR-DT4,,C,D,52.0,appartement,1994,86 ROUTE DE PERIGUEUX 33000 BORDEAUX,33000,33063,33063_9186_00086,0.98,134.9,8.43,-0.5792,44.8378,33063000Z0978
2317E0000848,2021-08-24,D,F,65.0,appartement,,169 ROUTE DE PERIGUEUX 17300 ROCHEFORT,17300,17300,17300_9496_00169,0.55,199.4,5.75,-0.9628,45.9414,17300000B0477
COR-ET2,2023-04-05,?,F,91.0,appartement,1930,15 IMPASSE DES VIGNES 24430 ANNESSE-ET-BEAULIEU,24430,24016,24016_4522_00015,0.92,255.0,9.31,0.557,45.087,24016000E0612
2317E0000055,2023-05-13,G,D,88.0,appartement,2019,10 RUE DU PALAIS 17300 ROCHEFORT,17300,17300,17300_6527_00010,0.98,480.2,23.69,-0.9628,45.9414,17300000Z0532
2324E0000021,2023-01-22,E,G,47.0,appartement,1983,48 ALLEE DES CHENES 24430 ANNESSE-ET-BEAULIEU,24430,24016,24016_8904_00048,0.98,244.8,6.12,0.557,45.087,24016000D0719
2333E0000214,2025-10-06,D,F,58.0,appartement,1975,85 IMPASSE DES VIGNES 33000 BORDEAUX,33000,33063,33063_1126_00085,0.88,199.5,4.34,-0.5792,44.8378,33063000Z0747
2317E0000592,2024-02-07,F,D,,appartement,1975,139 RUE GAMBETTA 17300 ROCHEFORT,17300,17300,17300_5672_00139,0.95,413.8,31.5,-0.9628,45.9414,17300000B0400
2324E0000732,2022-07-05,D,A,87.0,appartement,1962,114 AVENUE THIERS 24430 ANNESSE-ET-BEAULIEU,24430,24016,24016_9458_00114,0.92,226.5,16.61,0.557,45.087,24016000C0851
2324E0000836,2021-06-14,D,D,91.0,appartement,1983,79 RUE SAINTE CATHERINE 24430 ANNESSE-ET-BEAULIEU,24430,24016,24016_2556_00079,0.71,175.8,8.1,0.557,45.087,24016000C0432
2317E0000025,2023-09-08,C,G,47.0,appartement,1994,124 RUE SAINTE CATHERINE 17300 ROCHEFORT,17300,17300,17300_1216_00124,0.95,130.5,6.87,-0.9628,45.9414,17300000E0982
2333E0000067,2022-07-28,D,G,70.0,appartement,1890,170 ROUTE DE PERIGUEUX 33000 BORDEAUX,33000,33063,33063_8868_00170,0.95,227.8,16.45,-0.5792,44.8378,33063000B0229
2317E0000318,2022-09-15,E,D,79.0,maison,2003,70 ROUTE DE PERIGUEUX 17300 ROCHEFORT,17300,17300,17300_1489_00070,0.95,289.5,24.84,-0.9628,45.9414,17300000E0907
2324E0000802,2023-01-23,A,D,,appartement,1962,177 RUE GAMBETTA 24430 ANNESSE-ET-BEAULIEU,24430,24016,24016_1253_00177,0.88,65.6,2.27,0.557,45.087,24016000A0570
2317E0000194,2022-03-31,G,D,68.0,appartement,1890,99 ALLEE DES CHENES 17300 ROCHEFORT,17300,17300,17300_9768_00099,0.98,413.7,11.04,-0.9628,45.9414,17300000C0321
2324E0000268,2024-03-19,C,E,54.0,appartement,2019,177 PLACE COLBERT 24430 ANNESSE-ET-BEAULIEU,24430,24016,24016_4158_00177,0.92,146.6,4.46,0.557,45.087,24016000D0650
2333E0000347,2022-05-27,F,F,74.0,appartement,1983,35 RUE DU PALAIS 33000 BORDEAUX,33000,33063,33063_5366_00035,0.98,324.1,7.02,-0.5792,44.8378,33063000D0232
2317E0000639,2024-07-15,E,D,34.0,maison,2003,96 PLACE COLBERT 17300 ROCHEFORT,17300,17300,17300_6128_00096,0.95,312.0,19.26,-0.9628,45.9414,17300000E0430
2324E0000344,2024-05-17,E,E,68.0,appartement,,70 IMPASSE DES VIGNES 24430 ANNESSE-ET-BEAULIEU,24430,24016,24016_2791_00070,0.55,296.5,18.42,0.557,45.087,24016000B0152
2333E0000504,2021-07-25,F,D,154.0,maison,2019,70 ROUTE DE PERIGUEUX 33000 BORDEAUX,33000,33063,33063_5916_00070,0.71,402.2,12.84,-0.5792,44.8378,33063000Z0302
2333E0000224,2021-03-27,E,C,70.0,maison,1930,178 PLACE COLBERT 33000 BORDEAUX,33000,33063,33063_3825_00178,0.98,290.2,14.71,-0.5792,44.8378,33063000C0653
2333E0000870,2021-09-23,G,C,130.0,maison,2019,120 AVENUE THIERS 33000 BORDEAUX,33000,33063,33063_4234_00120,0.98,516.9,20.96,-0.5792,44.8378,33063000C0131
2317E0000821,2022-06-18,B,E,45.0,appartement,1983,153 PLACE COLBERT 17300 ROCHEFORT,17300,17300,17300_7724_00153,0.95,80.4,3.52,-0.9628,45.9414,17300000C0762
2333E0000198,2023-01-04,G,E,84.0,maison,2019,74 ROUTE DE PERIGUEUX 33000 BORDEAUX,33000,33063,33063_3308_00074,0.95,392.0,12.84,-0.5792,44.8378,33063000C0082
2317E0000645,2021-11-17,E,E,40.0,appartement,1983,128 COURS DE L ARGONNE 17300 ROCHEFORT,17300,17300,17300_2903_00128,0.95,257.0,21.48,-0.9628,45.9414,17300000E0166
,2022-10-29,D,D,196.4,maison,1890,106 PLACE COLBERT 24430 ANNESSE-ET-BEAULIEU,24430,24016,24016_2819_00106,0.88,191.5,9.35,0.557,45.087,24016000D0206
2324E0000672,2024-07-06,D,D,,maison,,22 ALLEE DES CHENES 24430 ANNESSE-ET-BEAULIEU,24430,24016,24016_9470_00022,0.92,206.1,12.59,0.557,45.087,24016000Z0518
2324E0000450,2022-10-20,C,E,33.0,appartement,2011,108 ALLEE DES CHENES 24430 ANNESSE-ET-BEAULIEU,24430,24016,24016_3915_00108,0.95,157.1,3.46,0.557,45.087,24016000Z0980
2324E0000800,2021-08-27,D,G,97.0,maison,1975,58 ALLEE DES CHENES 24430 ANNESSE-ET-BEAULIEU,24430,24016,24016_7494_00058,0.95,212.0,6.56,0.557,45.087,24016000B0482
2333E0000628,2021-06-28,C,E,66.5,appartement,1994,149 RUE GAMBETTA 33000 BORDEAUX,33000,33063,33063_1599_00149,0.95,133.6,4.01,-0.5792,44.8378,33063000C0026
2324E0000752,2022-07-14,D,D,87.0,appartement,1930,44 ALLEE DES CHENES 24430 ANNESSE-ET-BEAULIEU,24430,24016,24016_2039_00044,0.98,209.0,5.89,0.557,45.087,24016000B0156
2324E0000558,2021-10-07,F,B,166.0,maison,1930,12 RUE DU PALAIS 24430 ANNESSE-ET-BEAULIEU,24430,24016,24016_8250_00012,0.95,353.9,28.19,0.557,45.087,24016000A0163
2333E0000132,2022-04-30,C,E,94.0,maison,1983,64 COURS DE L ARGONNE 33000 BORDEAUX,33000,33063,33063_9499_00064,0.98,136.2,7.43,-0.5792,44.8378,33063000A0295
2333E0000740,2023-06-21,F,D,57.0,appartement,1930,25 RUE GAMBETTA 33000 BORDEAUX,33000,33063,33063_8597_00025,0.88,315.2,22.17,-0.5792,44.8378,33063000D0003
2324E0000435,2023-03-27,E,E,70.0,appartement,2011,161 AVENUE THIERS 24430 ANNESSE-ET-BEAULIEU,24430,24016,24016_4945_00161,0.88,305.4,14.13,0.557,45.087,24016000D0808
2317E0000077,2022-02-09,D,G,115.0,maison,2019,101 IMPASSE DES VIGNES 17300 ROCHEFORT,17300,17300,17300_9322_00101,0.71,174.7,4.28,-0.9628,45.9414,17300000Z0164
2324E0000171,2022-08-23,D,F,196.0,maison,1994,90 RUE DU PALAIS 24430 ANNESSE-ET-BEAULIEU,24430,24016,24016_5464_00090,0.88,226.5,4.72,0.557,45.087,24016000A0446
,2023-03-13,E,D,161.2,maison,1994,59 AVENUE THIERS 33000 BORDEAUX,33000,33063,33063_7386_00059,0.71,312.1,23.5,-0.5792,44.8378,33063000Z0759
2324E0000516,2024-05-03,C,E,47.0,appartement,1962,92 AVENUE THIERS 24430 ANNESSE-ET-BEAULIEU,24430,24016,24016_6485_00092,0.92,157.4,12.27,0.557,45.087,24016000E0726
2324E0000836,2021-06-14,D,D,91.0,appartement,1983,79 RUE SAINTE CATHERINE 24430 ANNESSE-ET-BEAULIEU,24430,24016,24016_2556_00079,0.71,175.8,8.1,0.557,45.087,24016000C0432
2324E0000326,2022-08-04,D,E,115.0,maison,1975,3 ALLEE DES CHENES 24430 ANNESSE-ET-BEAULIEU,24430,24016,24016_1432_00003,0.88,203.2,11.87,0.557,45.087,24016000E0737
2333E0000031,2022-11-13,E,E,48.0,appartement,1983,130 AVENUE THIERS 33000 BORDEAUX,33000,33063,33063_9456_00130,0.88,285.7,22.6,-0.5792,44.8378,33063000D0884
2324E0000129,2021-03-11,D,D,35.0,appartement,1983,178 ALLEE DES CHENES 24430 ANNESSE-ET-BEAULIEU,24430,24016,24016_3746_00178,0.98,218.8,12.08,0.557,45.087,24016000B0723
2324E0000702,2022-12-01,E,F,121.1,appartement,1962,154 ROUTE DE PERIGUEUX 24430 ANNESSE-ET-BEAULIEU,24430,24016,24016_9971_00154,0.92,300.3,9.11,0.557,45.087,24016000Z0842
2324E0000152,2023-02-15,F,B,95.0,appartement,1983,21 ALLEE DES CHENES 24430 ANNESSE-ET-BEAULIEU,24430,24016,24016_5690_00021,0.71,312.4,13.63,0.557,45.087,24016000E0073
2324E0000091,2024-01-06,C,D,87.0,maison,2003,147 AVENUE THIERS 24430 ANNESSE-ET-BEAULIEU,24430,24016,24016_4282_00147,0.98,142.3,4.93,0.557,45.087,24016000E0753
2324E0000024,2023-12-16,G,C,68.0,appartement,1975,61 PLACE COLBERT 24430 ANNESSE-ET-BEAULIEU,24430,24016,24016_2106_00061,0.88,442.7,9.33,0.557,45.087,24016000D0850
2317E0000141,2021-11-02,E,E,82.0,appartement,2003,112 COURS DE L ARGONNE 17300 ROCHEFORT,17300,17300,17300_9262_00112,0.92,299.9,9.15,-0.9628,45.9414,17300000B0359
2317E0000395,2021-05-18,E,E,65.0,appartement,,116 IMPASSE DES VIGNES 17300 ROCHEFORT,17300,17300,17300_8898_00116,0.98,269.9,22.43,-0.9628,45.9414,17300000D0910
2317E0000690,2024-01-11,E,G,179.0,maison,2011,35 ALLEE DES CHENES 17300 ROCHEFORT,17300,17300,17300_2431_00035,0.55,264.2,21.35,-0.9628,45.9414,17300000C0709
2333E0000827,2024-03-14,E,C,90.0,appartement,1983,61 ROUTE DE PERIGUEUX 33000 BORDEAUX,33000,33063,33063_9882_00061,0.88,272.9,7.74,-0.5792,44.8378,33063000E0721
2317E0000498,2022-01-18,E,F,206.0,maison,1890,144 RUE SAINTE CATHERINE 17300 ROCHEFORT,17300,17300,17300_6597_00144,0.88,305.8,11.3,-0.9628,45.9414,17300000C0266
2324E0000650,2023-02-16,E,F,42.0,appartement,1994,103 AVENUE THIERS 24430 ANNESSE-ET-BEAULIEU,24430,24016,24016_8219_00103,0.98,263.8,19.7,0.557,45.087,24016000Z0475
2317E0000069,2024-06-22,D,E,121.0,maison,1890,37 RUE SAINTE CATHERINE 17300 ROCHEFORT,17300,17300,17300_2214_00037,0.88,172.7,15.51,-0.9628,45.9414,17300000A0518
COR-ET6,2020-12-02,-,C,70.0,appartement,2019,3 RUE SAINTE CATHERINE 17300 ROCHEFORT,17300,17300,17300_2413_00003,0.98,492.6,30.3,-0.9628,45.9414,17300000D0889
2333E0000649,2023-03-09,D,F,136.8,appartement,2019,132 RUE DU PALAIS 33000 BORDEAUX,33000,33063,33063_2911_00132,0.88,171.8,13.77,-0.5792,44.8378,33063000B0596
2324E0000411,2024-12-07,E,E,180.0,maison,2019,47 RUE SAINTE CATHERINE 24430 ANNESSE-ET-BEAULIEU,24430,24016,24016_4672_00047,0.98,293.7,7.21,0.557,45.087,24016000C0472
2317E0000699,2023-03-17,G,E,,appartement,1983,58 RUE SAINTE CATHERINE 17300 ROCHEFORT,17300,17300,17300_1482_00058,0.92,419.6,13.0,-0.9628,45.9414,17300000Z0244
2317E0000532,2023-06-05,G,F,87.0,appartement,2003,120 AVENUE THIERS 17300 ROCHEFORT,17300,17300,17300_8587_00120,0.92,476.2,31.32,-0.9628,45.9414,17300000E0268
2324E0000674,2024-06-14,E,G,192.0,maison,1962,158 PLACE COLBERT 24430 ANNESSE-ET-BEAULIEU,24430,24016,24016_2957_00158,0.98,288.9,25.38,0.557,45.087,24016000E0364
2333E0000795,2023-08-08,G,D,132.0,maison,1994,15 PLACE COLBERT 33000 BORDEAUX,33000,33063,33063_6151_00015,0.92,394.7,19.84,-0.5792,44.8378,33063000A0794
2324E0000092,2021-05-16,C,E,61.0,appartement,2011,63 RUE GAMBETTA 24430 ANNESSE-ET-BEAULIEU,24430,24016,24016_8246_00063,0.95,140.6,11.27,0.557,45.087,24016000A0062
2333E0000764,2023-07-10,C,D,72.0,maison,2019,133 ALLEE DES CHENES 33000 BORDEAUX,33000,33063,33063_1200_00133,0.88,133.8,2.83,-0.5792,44.8378,33063000A0277
2317E0000541,2023-03-10,D,C,197.0,maison,1975,164 COURS DE L ARGONNE 17300 ROCHEFORT,17300,17300,17300_5920_00164,0.95,180.0,12.35,-0.9628,45.9414,17300000Z0757
2333E0000446,2024-11-07,F,D,71.0,appartement,2019,70 RUE GAMBETTA 33000 BORDEAUX,33000,33063,33063_2290_00070,0.88,358.6,28.58,-0.5792,44.8378,33063000Z0612
2317E0000844,2022-04-20,D,F,66.0,appartement,1890,65 COURS DE L ARGONNE 17300 ROCHEFORT,17300,17300,17300_2204_00065,0.88,203.4,16.68,-0.9628,45.9414,17300000E0666
COR-ET0,2022-10-07,N,C,79.0,appartement,1930,16 IMPASSE DES VIGNES 17300 ROCHEFORT,17300,17300,17300_3243_00016,0.88,207.5,15.93,-0.9628,45.9414,17300000C0517
2333E0000714,2022-06-19,F,G,52.0,maison,2019,180 AVENUE THIERS 33000 BORDEAUX,33000,33063,33063_9891_00180,0.95,361.1,12.4,-0.5792,44.8378,33063000C0433
2324E0000566,2023-02-15,E,F,74.0,appartement,1975,111 RUE GAMBETTA 24430 ANNESSE-ET-BEAULIEU,24430,24016,24016_7910_00111,0.95,316.4,16.52,0.557,45.087,24016000D0458
2317E0000647,2023-11-04,F,D,94.0,maison,1890,84 AVENUE THIERS 17300 ROCHEFORT,17300,17300,17300_2723_00084,0.95,407.1,17.88,-0.9628,45.9414,17300000Z0778
2333E0000463,2024-04-13,G,E,149.0,maison,1983,34 AVENUE THIERS 33000 BORDEAUX,33000,33063,33063_4188_00034,0.88,411.9,11.14,-0.5792,44.8378,33063000E0568
2317E0000087,2020-09-01,C,G,49.0,maison,1930,49 COURS DE L ARGONNE 17300 ROCHEFORT,17300,17300,17300_9144_00049,0.95,140.6,10.83,-0.9628,45.9414,17300000A0914
2324E0000014,2022-12-21,C,E,83.0,maison,,180 RUE DU PALAIS 24430 ANNESSE-ET-BEAULIEU,24430,24016,24016_2653_00180,0.95,157.7,4.2,0.557,45.087,24016000B0213
2333E0000139,2023-07-07,F,E,105.2,appartement,1994,28 RUE DU PALAIS 33000 BORDEAUX,33000,33063,33063_5992_00028,0.92,371.2,9.86,-0.5792,44.8378,33063000D0029
2324E0000464,2022-10-02,F,E,83.0,appartement,,26 RUE GAMBETTA 24430 ANNESSE-ET-BEAULIEU,24430,24016,24016_3131_00026,0.88,306.1,7.49,0.557,45.087,24016000A0958
2317E0000849,2023-06-02,D,C,57.0,appartement,1975,27 ALLEE DES CHENES 17300 ROCHEFORT,17300,17300,17300_1819_00027,0.92,198.5,10.04,-0.9628,45.9414,17300000D0756
2317E0000334,2021-09-08,F,A,,maison,1994,144 RUE DU PALAIS 17300 ROCHEFORT,17300,17300,17300_2066_00144,0.95,411.6,11.87,-0.9628,45.9414,17300000C0126
2324E0000686,2023-07-10,D,D,191.0,maison,2011,180 AVENUE THIERS 24430 ANNESSE-ET-BEAULIEU,24430,24016,24016_5095_00180,0.95,219.6,8.8,0.557,45.087,24016000C0925
2333E0000039,2022-09-21,A,D,104.0,maison,1975,86 RUE GAMBETTA 33000 BORDEAUX,33000,33063,33063_2709_00086,0.95,65.4,4.85,-0.5792,44.8378,33063000A0716
2317E0000892,2023-04-13,C,D,281.8,maison,1890,48 RUE GAMBETTA 17300 ROCHEFORT,17300,17300,17300_7133_00048,0.71,153.9,7.4,-0.9628,45.9414,17300000Z0886
2333E0000638,2022-05-19,F,E,41.0,appartement,2011,41 IMPASSE DES VIGNES 33000 BORDEAUX,33000,33063,33063_9127_00041,0.98,372.2,31.09,-0.5792,44.8378,33063000B0411
2324E0000403,2021-04-29,D,E,142.0,maison,1975,64 IMPASSE DES VIGNES 24430 ANNESSE-ET-BEAULIEU,24430,24016,24016_6712_00064,0.88,207.0,14.57,0.557,45.087,24016000Z0383
2317E0000381,2022-08-27,E,E,79.0,appartement,2003,14 RUE GAMBETTA 17300 ROCHEFORT,17300,17300,17300_4610_00014,0.98,319.5,15.19,-0.9628,45.9414,17300000C0766
2324E0000154,2024-01-09,G,F,32.0,appartement,1930,7 IMPASSE DES VIGNES 24430 ANNESSE-ET-BEAULIEU,24430,24016,24016_3124_00007,0.98,446.3,37.1,0.557,45.087,24016000A0820
2333E0000652,2021-10-29,G,F,83.0,appartement,1975,153 RUE SAINTE CATHERINE 33000 BORDEAUX,33000,33063,33063_8863_00153,0.88,459.1,39.81,-0.5792,44.8378,33063000B0778
2317E0000469,2021-07-12,F,D,90.0,appartement,1975,72 ROUTE DE PERIGUEUX 17300 ROCHEFORT,17300,17300,17300_2764_00072,0.71,316.7,12.63,-0.9628,45.9414,17300000D0638
2324E0000656,2023-04-05,E,F,91.0,appartement,1930,15 IMPASSE DES VIGNES 24430 ANNESSE-ET-BEAULIEU,24430,24016,24016_4522_00015,0.92,255.0,9.31,0.557,45.087,24016000E0612
2317E0000188,2021-12-24,A,E,69.0,appartement,1994,79 RUE DU PALAIS 17300 ROCHEFORT,17300,17300,17300_8315_00079,0.55,62.7,1.67,-0.9628,45.9414,17300000E0404
2333E0000205,2024-02-14,B,E,80.0,appartement,2011,95 ROUTE DE PERIGUEUX 33000 BORDEAUX,33000,33063,33063_9625_00095,0.98,99.5,8.19,-0.5792,44.8378,33063000A0056
2317E0000837,2023-02-11,D,G,,appartement,2019,8 IMPASSE DES VIGNES 17300 ROCHEFORT,17300,17300,17300_7988_00008,0.92,185.4,6.91,-0.9628,45.9414,17300000D0127
2333E0000643,2023-08-13,D,E,108.0,maison,2003,116 RUE GAMBETTA 33000 BORDEAUX,33000,33063,33063_8286_00116,0.71,224.1,6.25,-0.5792,44.8378,33063000A0663
2317E0000722,2021-10-03,A,F,58.0,appartement,2019,16 AVENUE THIERS 17300 ROCHEFORT,17300,17300,17300_5637_00016,0.92,53.7,1.26,-0.9628,45.9414,17300000B0654
2317E0000705,2023-01-17,E,D,64.0,appartement,1983,165 IMPASSE DES VIGNES 17300 ROCHEFORT,17300,17300,17300_7665_00165,0.88,298.8,26.76,-0.9628,45.9414,17300000B0384
2324E0000133,2021-03-04,D,C,103.0,maison,,137 RUE DU PALAIS 24430 ANNESSE-ET-BEAULIEU,24430,24016,24016_9152_00137,0.98,188.7,16.05,0.557,45.087,24016000D0660
2324E0000346,2021-08-15,F,D,74.0,appartement,1994,71 RUE GAMBETTA 24430 ANNESSE-ET-BEAULIEU,24430,24016,24016_6523_00071,0.98,405.5,14.88,0.557,45.087,24016000D0258
2333E0000182,2023-07-31,E,D,88.0,maison,1994,135 ALLEE DES CHENES 33000 BORDEAUX,33000,33063,33063_6258_00135,0.71,320.7,20.85,-0.5792,44.8378,33063000E0955
2333E0000662,2024-10-14,F,E,,appartement,2011,27 IMPASSE DES VIGNES 33000 BORDEAUX,33000,33063,33063_2929_00027,0.71,315.4,22.26,-0.5792,44.8378,33063000D0343
2333E0000550,2025-01-04,D,D,71.0,appartement,2003,162 COURS DE L ARGONNE 33000 BORDEAUX,33000,33063,33063_4197_00162,0.95,227.0,11.95,-0.5792,44.8378,33063000A0362
2333E0000697,2022-04-22,G,C,32.0,appartement,,159 PLACE COLBERT 33000 BORDEAUX,33000,33063,33063_2741_00159,0.71,518.2,43.29,-0.5792,44.8378,33063000E0896
2333E0000703,2021-02-22,E,E,87.0,appartement,2003,150 RUE DU PALAIS 33000 BORDEAUX,33000,33063,33063_9916_00150,0.98,286.2,12.54,-0.5792,44.8378,33063000A0720
2317E0000839,2020-09-07,E,E,165.0,maison,1983,148 RUE GAMBETTA 17300 ROCHEFORT,17300,17300,17300_9058_00148,0.88,270.9,16.23,-0.9628,45.9414,17300000A0723
2333E0000054,2022-05-26,E,D,76.0,maison,,101 RUE GAMBETTA 33000 BORDEAUX,33000,33063,33063_1815_00101,0.71,253.6,10.16,-0.5792,44.8378,33063000B0997
2317E0000422,2023-08-09,D,D,93.0,appartement,1962,99 PLACE COLBERT 17300 ROCHEFORT,17300,17300,17300_9287_00099,0.98,189.9,5.52,-0.9628,45.9414,17300000D0300
2324E0000251,2022-03-10,D,F,93.0,maison,,82 COURS DE L ARGONNE 24430 ANNESSE-ET-BEAULIEU,24430,24016,24016_2239_00082,0.98,191.3,10.74,0.557,45.087,24016000D0522
2333E0000279,2023-03-08,E,D,93.0,appartement,1930,168 ALLEE DES CHENES 33000 BORDEAUX,33000,33063,33063_5586_00168,0.92,303.8,24.76,-0.5792,44.8378,33063000E0124
2324E0000680,2023-10-30,F,D,124.0,maison,1983,167 AVENUE THIERS 24430 ANNESSE-ET-BEAULIEU,24430,24016,24016_7429_00167,0.88,340.0,21.81,0.557,45.087,24016000C0546
2317E0000875,2022-02-27,G,D,47.0,appartement,1962,2 COURS DE L ARGONNE 17300 ROCHEFORT,17300,17300,17300_8029_00002,0.98,518.9,33.13,-0.9628,45.9414,17300000E0084
2333E0000443,2025-03-26,F,F,201.0,maison,2011,95 RUE SAINTE CATHERINE 33000 BORDEAUX,33000,33063,33063_3519_00095,0.98,410.3,11.3,-0.5792,44.8378,33063000Z0970
2324E0000037,2020-11-27,E,E,109.0,maison,2003,119 RUE DU PALAIS 24430 ANNESSE-ET-BEAULIEU,24430,24016,24016_7501_00119,0.55,288.1,12.86,0.557,45.087,24016000C0665
2324E0000367,2024-05-05,D,D,194.0,maison,2019,11 RUE SAINTE CATHERINE 24430 ANNESSE-ET-BEAULIEU,24430,24016,24016_7572_00011,0.55,195.7,11.74,0.557,45.087,24016000C0634
2333E0000070,2022-11-24,D,D,93.0,appartement,1983,158 COURS DE L ARGONNE 33000 BORDEAUX,33000,33063,33063_4096_00158,0.95,174.6,6.18,-0.5792,44.8378,33063000E0687
2324E0000452,2024-05-08,C,F,63.6,appartement,1890,22 RUE GAMBETTA 24430 ANNESSE-ET-BEAULIEU,24430,24016,24016_7070_00022,0.92,134.4,5.74,0.557,45.087,24016000E0266
2333E0000359,2024-01-28,E,E,194.0,maison,1983,178 ALLEE DES CHENES 33000 BORDEAUX,33000,33063,33063_7701_00178,0.88,307.7,25.63,-0.5792,44.8378,33063000B0742
2317E0000481,2024-05-11,D,F,131.8,appartement,1890,123 AVENUE THIERS 17300 ROCHEFORT,17300,17300,17300_9882_00123,0.88,179.0,3.97,-0.9628,45.9414,17300000B0511
2333E0000287,2023-04-24,E,E,38.0,appartement,1975,157 PLACE COLBERT 33000 BORDEAUX,33000,33063,33063_6757_00157,0.92,245.7,14.43,-0.5792,44.8378,33063000B0755
2317E0000746,2021-04-11,D,E,104.0,maison,1975,74 RUE GAMBETTA 17300 ROCHEFORT,17300,17300,17300_8900_00074,0.92,179.1,7.1,-0.9628,45.9414,17300000C0190
2317E0000046,2023-03-22,C,D,76.0,appartement,1962,137 ALLEE DES CHENES 17300 ROCHEFORT,17300,17300,17300_4937_00137,0.88,154.3,7.46,-0.9628,45.9414,17300000E0488
2317E0000851,2021-05-25,E,D,48.0,appartement,2003,104 COURS DE L ARGONNE 17300 ROCHEFORT,17300,17300,17300_7229_00104,0.55,272.0,10.56,-0.9628,45.9414,17300000D0012
2333E0000284,2023-01-11,E,D,178.0,maison,1962,84 AVENUE THIERS 33000 BORDEAUX,33000,33063,33063_8311_00084,0.98,271.8,8.29,-0.5792,44.8378,33063000C0887
2324E0000813,2024-03-08,C,D,145.0,maison,2011,146 RUE DU PALAIS 24430 ANNESSE-ET-BEAULIEU,24430,24016,24016_9713_00146,0.88,137.8,10.98,0.557,45.087,24016000B0845
2324E0000310,2023-08-26,E,G,195.0,maison,1930,55 ALLEE DES CHENES 24430 ANNESSE-ET-BEAULIEU,24430,24016,24016_6012_00055,0.88,273.5,7.37,0.557,45.087,24016000B0809
2333E0000135,2022-09-29,F,D,51.0,appartement,1994,135 RUE GAMBETTA 33000 BORDEAUX,33000,33063,33063_1263_00135,0.88,341.4,23.41,-0.5792,44.8378,33063000A0614
2333E0000865,2024-04-26,B,E,96.0,maison,2019,16 RUE SAINTE CATHERINE 33000 BORDEAUX,33000,33063,33063_9327_00016,0.71,78.7,7.03,-0.5792,44.8378,33063000B0357
2317E0000376,2024-12-25,E,E,82.0,appartement,1890,150 RUE DU PALAIS 17300 ROCHEFORT,17300,17300,17300_4162_00150,0.88,287.1,25.2,-0.9628,45.9414,17300000C0767
2333E0000267,2025-08-01,B,B,51.0,appartement,1975,121 ROUTE DE PERIGUEUX 33000 BORDEAUX,33000,33063,33063_6082_00121,0.92,98.2,3.12,-0.5792,44.8378,33063000E0907
2324E0000485,2021-11-15,D,D,75.0,appartement,1930,87 RUE SAINTE CATHERINE 24430 ANNESSE-ET-BEAULIEU,24430,24016,24016_5458_00087,0.92,186.3,16.63,0.557,45.087,24016000E0185
2317E0000560,2023-07-29,E,F,158.0,maison,1930,115 AVENUE THIERS 17300 ROCHEFORT,17300,17300,17300_1900_00115,0.92,300.2,15.77,-0.9628,45.9414,17300000E0316
2317E0000075,2023-10-15,E,G,204.0,maison,,96 ROUTE DE PERIGUEUX 17300 ROCHEFORT,17300,17300,17300_9502_00096,0.92,318.8,13.36,-0.9628,45.9414,17300000C0981
2333E0000034,2023-02-19,E,G,56.0,appartement,1983,4 IMPASSE DES VIGNES 33000 BORDEAUX,33000,33063,33063_6164_00004,0.98,267.2,23.69,-0.5792,44.8378,33063000Z0981
2324E0000771,2023-08-05,C,E,82.0,maison,1962,116 ROUTE DE PERIGUEUX 24430 ANNESSE-ET-BEAULIEU,24430,24016,24016_9615_00116,0.88,130.8,8.7,0.557,45.087,24016000C0737
2324E0000526,2023-08-22,E,G,60.0,appartement,2019,56 COURS DE L ARGONNE 24430 ANNESSE-ET-BEAULIEU,24430,24016,24016_1667_00056,0.95,266.4,12.92,0.557,45.087,24016000C0423
2317E0000324,2022-02-02,D,F,89.0,appartement,1890,11 COURS DE L ARGONNE 17300 ROCHEFORT,17300,17300,17300_6756_00011,0.95,192.1,7.21,-0.9628,45.9414,17300000C0603
2333E0000556,2024-10-17,E,D,88.0,appartement,1975,63 IMPASSE DES VIGNES 33000 BORDEAUX,33000,33063,33063_5785_00063,0.92,292.1,13.03,-0.5792,44.8378,33063000A0561
2317E0000533,2023-08-27,E,B,31.0,appartement,,164 ALLEE DES CHENES 17300 ROCHEFORT,17300,17300,17300_1989_00164,0.95,240.7,10.42,-0.9628,45.9414,17300000C0095
2333E0000080,2023-07-30,C,D,187.0,maison,2003,116 RUE SAINTE CATHERINE 33000 BORDEAUX,33000,33063,33063_8255_00116,0.88,144.2,6.34,-0.5792,44.8378,33063000B0431
2324E0000278,2024-08-30,D,B,182.0,maison,1962,17 PLACE COLBERT 24430 ANNESSE-ET-BEAULIEU,24430,24016,24016_5676_00017,0.88,174.2,5.07,0.557,45.087,24016000B0598
2324E0000441,2022-08-02,B,D,202.0,maison,2011,68 COURS DE L ARGONNE 24430 ANNESSE-ET-BEAULIEU,24430,24016,24016_5307_00068,0.88,90.4,2.74,0.557,45.087,24016000Z0135
2317E0000137,2024-01-01,G,F,151.0,maison,1975,39 AVENUE THIERS 17300 ROCHEFORT,17300,17300,17300_3531_00039,0.71,525.9,45.4,-0.9628,45.9414,17300000C0327
2333E0000885,2022-12-27,F,G,67.0,appartement,1890,68 RUE DU PALAIS 33000 BORDEAUX,33000,33063,33063_4004_00068,0.95,380.4,11.52,-0.5792,44.8378,33063000D0544
2333E0000519,2024-05-04,C,G,39.0,appartement,1890,46 ALLEE DES CHENES 33000 BORDEAUX,33000,33063,33063_9383_00046,0.92,150.7,7.88,-0.5792,44.8378,33063000A0942
2317E0000730,2023-01-27,G,E,84.0,maison,2019,166 ALLEE DES CHENES 17300 ROCHEFORT,17300,17300,17300_4106_00166,0.95,419.5,17.06,-0.9628,45.9414,17300000Z0789
2333E0000359,2024-01-28,E,E,194.0,maison,1983,178 ALLEE DES CHENES 33000 BORDEAUX,33000,33063,33063_7701_00178,0.88,307.7,25.63,-0.5792,44.8378,33063000B0742
2317E0000617,2022-08-07,D,C,89.0,appartement,1962,171 RUE SAINTE CATHERINE 17300 ROCHEFORT,17300,17300,17300_7210_00171,0.98,171.6,5.11,-0.9628,45.9414,17300000C0126
2317E0000497,2023-04-21,C,E,207.0,maison,1983,71 AVENUE THIERS 17300 ROCHEFORT,17300,17300,17300_6741_00071,0.98,125.5,9.78,-0.9628,45.9414,17300000D0211
2317E0000733,2024-05-05,G,B,134.0,maison,1930,158 RUE GAMBETTA 17300 ROCHEFORT,17300,17300,17300_1655_00158,0.95,434.6,31.64,-0.9628,45.9414,17300000D0818
2333E0000281,2023-03-26,F,D,188.0,maison,2011,98 RUE SAINTE CATHERINE 33000 BORDEAUX,33000,33063,33063_1102_00098,0.95,387.8,11.26,-0.5792,44.8378,33063000C0120
2333E0000295,2021-12-25,C,D,41.8,appartement,1962,138 RUE DU PALAIS 33000 BORDEAUX,33000,33063,33063_7908_00138,0.92,150.3,10.09,-0.5792,44.8378,33063000Z0167
2333E0000297,2023-09-13,E,G,89.0,maison,1962,5 RUE GAMBETTA 33000 BORDEAUX,33000,33063,33063_2040_00005,0.92,295.7,26.26,-0.5792,44.8378,33063000B0306
2324E0000336,2023-01-23,D,F,149.0,maison,2019,135 AVENUE THIERS 24430 ANNESSE-ET-BEAULIEU,24430,24016,24016_9910_00135,0.71,199.1,10.46,0.557,45.087,24016000D0890
2333E0000629,2024-02-21,E,C,57.0,appartement,1962,156 RUE DU PALAIS 33000 BORDEAUX,33000,33063,33063_8882_00156,0.95,278.7,16.52,-0.5792,44.8378,33063000A0684
2317E0000273,2024-07-04,B,E,57.7,appartement,1983,158 IMPASSE DES VIGNES 17300 ROCHEFORT,17300,17300,17300_3110_00158,0.98,83.4,3.16,-0.9628,45.9414,17300000D0897
2317E0000742,2022-05-09,F,F,77.0,appartement,1994,122 AVENUE THIERS 17300 ROCHEFORT,17300,17300,17300_5280_00122,0.92,395.1,32.44,-0.9628,45.9414,17300000B0630
2317E0000500,2023-07-29,D,C,77.0,appartement,1890,142 COURS DE L ARGONNE 17300 ROCHEFORT,17300,17300,17300_1298_00142,0.98,209.0,13.65,-0.9628,45.9414,17300000B0960
2324E0000008,2021-12-03,G,G,55.0,appartement,,132 COURS DE L ARGONNE 24430 ANNESSE-ET-BEAULIEU,24430,24016,24016_7243_00132,0.98,515.0,18.11,0.557,45.087,24016000D0638
2333E0000807,2023-07-18,C,D,91.0,appartement,1962,150 ALLEE DES CHENES 33000 BORDEAUX,33000,33063,33063_3721_00150,0.55,159.8,14.13,-0.5792,44.8378,33063000Z0473
2324E0000445,2022-06-13,F,E,74.0,maison,1975,67 ROUTE DE PERIGUEUX 24430 ANNESSE-ET-BEAULIEU,24430,24016,24016_7975_00067,0.98,335.8,8.81,0.557,45.087,24016000D0259
2333E0000232,2022-03-12,D,D,106.0,maison,2019,140 RUE DU PALAIS 33000 BORDEAUX,33000,33063,33063_1006_00140,0.95,203.0,10.84,-0.5792,44.8378,33063000B0194
2317E0000465,2022-01-04,B,E,86.0,maison,2019,80 RUE SAINTE CATHERINE 17300 ROCHEFORT,17300,17300,17300_2195_00080,0.98,95.2,3.21,-0.9628,45.9414,17300000Z0313
2317E0000762,2023-07-05,F,D,91.0,appartement,2011,48 RUE DU PALAIS 17300 ROCHEFORT,17300,17300,17300_6771_00048,0.98,340.9,10.05,-0.9628,45.9414,17300000C0123
2333E0000573,2024-10-08,D,E,,maison,1994,41 AVENUE THIERS 33000 BORDEAUX,33000,33063,33063_2284_00041,0.98,189.2,13.81,-0.5792,44.8378,33063000Z0335
2333E0000292,2022-10-02,C,C,64.0,appartement,1890,111 ROUTE DE PERIGUEUX 33000 BORDEAUX,33000,33063,33063_5104_00111,0.98,135.2,9.11,-0.5792,44.8378,33063000D0746
2317E0000530,2024-09-13,C,F,81.0,appartement,1890,116 COURS DE L ARGONNE 17300 ROCHEFORT,17300,17300,17300_1600_00116,0.92,142.9,5.58,-0.9628,45.9414,17300000D0843
2324E0000834,2023-01-22,C,D,,appartement,1983,55 RUE DU PALAIS 24430 ANNESSE-ET-BEAULIEU,24430,24016,24016_8096_00055,0.92,125.2,10.68,0.557,45.087,24016000A0615
2317E0000614,2021-08-12,C,C,38.0,appartement,1890,57 PLACE COLBERT 17300 ROCHEFORT,17300,17300,17300_1855_00057,0.71,155.9,12.33,-0.9628,45.9414,17300000D0597
2324E0000197,2024-06-04,E,C,85.0,maison,2011,147 RUE GAMBETTA 24430 ANNESSE-ET-BEAULIEU,24430,24016,24016_4600_00147,0.92,248.2,12.4,0.557,45.087,24016000C0661
2324E0000492,2022-12-30,E,G,210.0,maison,2019,53 ROUTE DE PERIGUEUX 24430 ANNESSE-ET-BEAULIEU,24430,24016,24016_5738_00053,0.98,239.7,12.77,0.557,45.087,24016000D0148
2317E0000676,2021-05-30,C,G,,appartement,1994,6 PLACE COLBERT 17300 ROCHEFORT,17300,17300,17300_4830_00006,0.98,144.5,5.89,-0.9628,45.9414,17300000A0891
2317E0000362,2024-01-25,G,A,71.0,maison,1890,45 RUE DU PALAIS 17300 ROCHEFORT,17300,17300,17300_7712_00045,0.71,433.1,31.9,-0.9628,45.9414,17300000Z0719
2324E0000382,2022-02-02,D,D,174.0,maison,2003,125 RUE SAINTE CATHERINE 24430 ANNESSE-ET-BEAULIEU,24430,24016,24016_7762_00125,0.55,202.4,7.48,0.557,45.087,24016000A0039
2333E0000202,2024-01-20,D,F,55.3,appartement,,101 ALLEE DES CHENES 33000 BORDEAUX,33000,33063,33063_9767_00101,0.88,192.6,8.41,-0.5792,44.8378,33063000D0101
2333E0000136,2023-05-07,C,C,146.7,appartement,1962,178 RUE SAINTE CATHERINE 33000 BORDEAUX,33000,33063,33063_6319_00178,0.92,133.7,8.77,-0.5792,44.8378,33063000D0251
2317E0000015,2023-04-07,E,C,62.0,appartement,2003,172 IMPASSE DES VIGNES 17300 ROCHEFORT,17300,17300,17300_4811_00172,0.88,307.9,13.46,-0.9628,45.9414,17300000D0787
2333E0000887,2022-11-24,F,C,89.0,appartement,1930,58 RUE DU PALAIS 33000 BORDEAUX,33000,33063,33063_9651_00058,0.95,331.7,14.52,-0.5792,44.8378,33063000Z0399
2333E0000611,2024-08-10,D,C,260.4,maison,2011,114 PLACE COLBERT 33000 BORDEAUX,33000,33063,33063_3947_00114,0.98,201.5,13.97,-0.5792,44.8378,33063000Z0154
2333E0000072,2022-08-08,C,F,73.0,maison,2011,73 PLACE COLBERT 33000 BORDEAUX,33000,33063,33063_8327_00073,0.71,136.8,8.22,-0.5792,44.8378,33063000A0212
2333E0000107,2023-01-16,F,B,73.0,maison,1962,64 RUE SAINTE CATHERINE 33000 BORDEAUX,33000,33063,33063_4282_00064,0.98,385.8,11.49,-0.5792,44.8378,33063000C0833
2333E0000425,2024-08-03,G,C,61.0,appartement,,15 RUE SAINTE CATHERINE 33000 BORDEAUX,33000,33063,33063_8403_00015,0.92,461.2,18.72,-0.5792,44.8378,33063000A0667
2317E0000408,2021-10-31,B,G,57.0,appartement,1994,148 AVENUE THIERS 17300 ROCHEFORT,17300,17300,17300_7895_00148,0.71,81.6,2.54,-0.9628,45.9414,17300000B0701
2324E0000163,2023-01-25,C,A,160.0,appartement,1994,41 RUE DU PALAIS 24430 ANNESSE-ET-BEAULIEU,24430,24016,24016_5507_00041,0.95,142.9,6.41,0.557,45.087,24016000D0533
COR-DT5,0001-01-01x,D,E,108.0,maison,2003,5 RUE SAINTE CATHERINE 24430 ANNESSE-ET-BEAULIEU,24430,24016,24016_8924_00005,0.95,179.5,15.81,0.557,45.087,24016000B0476
2333E0000701,2022-09-14,C,F,167.0,maison,1962,79 RUE DU PALAIS 33000 BORDEAUX,33000,33063,33063_1652_00079,0.98,126.2,8.35,-0.5792,44.8378,33063000D0061
COR-ET4,2022-06-22,-,C,63.0,appartement,2011,118 RUE SAINTE CATHERINE 33000 BORDEAUX,33000,33063,33063_8793_00118,0.71,358.6,21.16,-0.5792,44.8378,33063000E0658
2324E0000341,2021-08-15,E,D,186.0,appartement,1983,125 COURS DE L ARGONNE 24430 ANNESSE-ET-BEAULIEU,24430,24016,24016_7087_00125,0.95,270.5,22.95,0.557,45.087,24016000A0368
2324E0000553,2023-08-18,F,D,186.0,maison,1930,111 COURS DE L ARGONNE 24430 ANNESSE-ET-BEAULIEU,24430,24016,24016_5727_00111,0.71,324.6,20.92,0.557,45.087,24016000C0387
2333E0000156,2023-06-07,D,E,95.0,appartement,1975,60 ALLEE DES CHENES 33000 BORDEAUX,33000,33063,33063_9654_00060,0.88,202.6,14.68,-0.5792,44.8378,33063000C0650
2317E0000144,2024-07-19,F,C,151.0,maison,1983,99 COURS DE L ARGONNE 17300 ROCHEFORT,17300,17300,17300_5323_00099,0.95,355.4,8.69,-0.9628,45.9414,17300000A0550
2317E0000147,2021-03-03,D,D,55.0,appartement,1975,40 ROUTE DE PERIGUEUX 17300 ROCHEFORT,17300,17300,17300_2846_00040,0.98,184.7,10.19,-0.9628,45.9414,17300000B0572
2333E0000660,2025-06-06,D,G,89.0,appartement,2019,103 ALLEE DES CHENES 33000 BORDEAUX,33000,33063,33063_2213_00103,0.95,184.5,16.55,-0.5792,44.8378,33063000Z0896
2333E0000599,2022-10-15,F,E,194.0,maison,2003,155 ALLEE DES CHENES 33000 BORDEAUX,33000,33063,33063_1812_00155,0.95,342.3,21.07,-0.5792,44.8378,33063000A0609
2317E0000780,2023-05-08,F,E,58.0,appartement,1994,130 RUE DU PALAIS 17300 ROCHEFORT,17300,17300,17300_8493_00130,0.95,393.2,9.94,-0.9628,45.9414,17300000B0926
2317E0000144,2024-07-19,F,C,151.0,maison,1983,99 COURS DE L ARGONNE 17300 ROCHEFORT,17300,17300,17300_5323_00099,0.95,355.4,8.69,-0.9628,45.9414,17300000A0550
2324E0000029,2024-02-10,D,G,33.0,appartement,1962,9 RUE SAINTE CATHERINE 24430 ANNESSE-ET-BEAULIEU,24430,24016,24016_4227_00009,0.95,175.6,6.87,0.557,45.087,24016000B0396
2324E0000022,2022-10-18,E,E,142.0,maison,1930,5 COURS DE L ARGONNE 24430 ANNESSE-ET-BEAULIEU,24430,24016,24016_6935_00005,0.88,284.1,13.79,0.557,45.087,24016000A0430
2333E0000314,2023-09-07,E,D,157.0,maison,1962,104 PLACE COLBERT 33000 BORDEAUX,33000,33063,33063_3705_00104,0.98,297.5,24.25,-0.5792,44.8378,33063000E0319
2317E0000118,2024-09-23,F,E,190.0,maison,1962,144 RUE SAINTE CATHERINE 17300 ROCHEFORT,17300,17300,17300_5468_00144,0.98,366.7,20.41,-0.9628,45.9414,17300000A0872
2333E0000726,2024-01-02,B,C,113.0,maison,1930,149 RUE SAINTE CATHERINE 33000 BORDEAUX,33000,33063,33063_9827_00149,0.98,90.2,2.57,-0.5792,44.8378,33063000E0738
2324E0000321,2024-11-26,D,E,108.0,maison,2003,5 RUE SAINTE CATHERINE 24430 ANNESSE-ET-BEAULIEU,24430,24016,24016_8924_00005,0.95,179.5,15.81,0.557,45.087,24016000B0476
2333E0000857,2024-06-01,D,B,90.5,appartement,2019,39 IMPASSE DES VIGNES 33000 BORDEAUX,33000,33063,33063_4106_00039,0.95,171.6,14.79,-0.5792,44.8378,33063000B0027
2317E0000320,2024-10-17,C,D,88.0,appartement,1890,97 AVENUE THIERS 17300 ROCHEFORT,17300,17300,17300_5413_00097,0.88,124.6,9.19,-0.9628,45.9414,17300000Z0543
2333E0000873,2022-12-01,A,D,,maison,1962,92 RUE DU PALAIS 33000 BORDEAUX,33000,33063,33063_6104_00092,0.71,64.1,1.9,-0.5792,44.8378,33063000E0493
2317E0000891,2023-04-19,D,E,94.0,maison,1983,67 RUE DU PALAIS 17300 ROCHEFORT,17300,17300,17300_1681_00067,0.98,224.6,5.9,-0.9628,45.9414,17300000Z0505
2324E0000313,2022-01-08,E,B,71.0,maison,1890,20 PLACE COLBERT 24430 ANNESSE-ET-BEAULIEU,24430,24016,24016_8265_00020,0.88,295.4,14.79,0.557,45.087,24016000C0206
2324E0000568,2024-05-28,C,E,89.0,maison,1975,64 IMPASSE DES VIGNES 24430 ANNESSE-ET-BEAULIEU,24430,24016,24016_8259_00064,0.95,152.2,12.14,0.557,45.087,24016000C0355
2324E0000045,2022-04-11,C,D,95.0,appartement,2011,144 RUE DU PALAIS 24430 ANNESSE-ET-BEAULIEU,24430,24016,24016_6748_00144,0.95,136.0,2.73,0.557,45.087,24016000A0725
2317E0000390,2022-08-26,G,B,109.0,maison,1930,118 RUE DU PALAIS 17300 ROCHEFORT,17300,17300,17300_3192_00118,0.95,421.1,23.45,-0.9628,45.9414,17300000B0673
2317E0000385,2024-11-19,C,D,149.0,maison,1962,83 ALLEE DES CHENES 17300 ROCHEFORT,17300,17300,17300_6768_00083,0.95,121.1,9.08,-0.9628,45.9414,17300000D0780
2333E0000589,2022-02-21,D,D,105.0,maison,2011,54 ALLEE DES CHENES 33000 BORDEAUX,33000,33063,33063_5319_00054,0.88,199.4,7.27,-0.5792,44.8378,33063000C0587
2333E0000099,2021-12-23,G,B,155.0,maison,1975,125 PLACE COLBERT 33000 BORDEAUX,33000,33063,33063_5987_00125,0.88,516.7,45.37,-0.5792,44.8378,33063000E0636
2324E0000368,2022-01-04,D,G,85.0,appartement,1983,155 AVENUE THIERS 24430 ANNESSE-ET-BEAULIEU,24430,24016,24016_1631_00155,0.88,204.1,11.18,0.557,45.087,24016000C0207
2333E0000820,2022-03-30,G,D,60.0,appartement,1975,169 AVENUE THIERS 33000 BORDEAUX,33000,33063,33063_2551_00169,0.98,407.3,8.51,-0.5792,44.8378,33063000B0553
2324E0000604,2022-11-19,E,E,101.0,maison,2011,132 PLACE COLBERT 24430 ANNESSE-ET-BEAULIEU,24430,24016,24016_1299_00132,0.98,260.1,15.43,0.557,45.087,24016000Z0689
2324E0000734,2021-08-17,C,F,120.0,maison,1983,72 AVENUE THIERS 24430 ANNESSE-ET-BEAULIEU,24430,24016,24016_9986_00072,0.95,159.4,5.13,0.557,45.087,24016000C0633
2324E0000745,2023-02-06,D,E,42.0,appartement,1975,74 RUE DU PALAIS 24430 ANNESSE-ET-BEAULIEU,24430,24016,24016_5272_00074,0.95,182.4,10.97,0.557,45.087,24016000D0893
2324E0000436,2022-12-21,B,C,141.0,maison,1983,113 RUE DU PALAIS 24430 ANNESSE-ET-BEAULIEU,24430,24016,24016_1930_00113,0.92,87.1,7.19,0.557,45.087,24016000C0902
2324E0000462,2024-11-04,D,C,51.8,appartement,1983,1 RUE GAMBETTA 24430 ANNESSE-ET-BEAULIEU,24430,24016,24016_8675_00001,0.71,195.5,15.75,0.557,45.087,24016000E0266
2317E0000668,2022-06-24,G,C,165.0,maison,1994,157 ROUTE DE PERIGUEUX 17300 ROCHEFORT,17300,17300,17300_8001_00157,0.71,455.8,38.54,-0.9628,45.9414,17300000D0872
2333E0000792,2021-05-22,E,E,184.0,maison,2011,100 ROUTE DE PERIGUEUX 33000 BORDEAUX,33000,33063,33063_9513_00100,0.92,312.8,9.88,-0.5792,44.8378,33063000B0773
2324E0000166,2022-03-25,E,D,40.0,appartement,1930,156 ALLEE DES CHENES 24430 ANNESSE-ET-BEAULIEU,24430,24016,24016_5126_00156,0.55,269.6,10.13,0.557,45.087,24016000A0561
2324E0000410,2023-03-19,D,D,,appartement,1890,171 ROUTE DE PERIGUEUX 24430 ANNESSE-ET-BEAULIEU,24430,24016,24016_3764_00171,0.71,174.8,8.76,0.557,45.087,24016000E0602
2324E0000004,2021-08-18,D,E,,maison,2011,41 COURS DE L ARGONNE 24430 ANNESSE-ET-BEAULIEU,24430,24016,24016_2826_00041,0.98,227.2,6.91,0.557,45.087,24016000A0339
2333E0000384,2022-01-31,C,E,88.0,appartement,1975,140 RUE SAINTE CATHERINE 33000 BORDEAUX,33000,33063,33063_1986_00140,0.95,157.0,12.74,-0.5792,44.8378,33063000A0930
2333E0000094,2024-08-30,E,G,92.0,maison,1975,159 RUE SAINTE CATHERINE 33000 BORDEAUX,33000,33063,33063_4265_00159,0.92,251.8,7.73,-0.5792,44.8378,33063000Z0931
COR-ET5,2021-05-16,-,E,61.0,appartement,2011,63 RUE GAMBETTA 24430 ANNESSE-ET-BEAULIEU,24430,24016,24016_8246_00063,0.95,140.6,11.27,0.557,45.087,24016000A0062
2317E0000189,2021-05-15,E,B,130.0,maison,1975,17 IMPASSE DES VIGNES 17300 ROCHEFORT,17300,17300,17300_3279_00017,0.92,280.6,20.23,-0.9628,45.9414,17300000D0692
2324E0000601,2024-06-27,E,C,89.0,maison,1994,48 ALLEE DES CHENES 24430 ANNESSE-ET-BEAULIEU,24430,24016,24016_3914_00048,0.92,263.2,8.3,0.557,45.087,24016000B0292
2333E0000103,2021-05-24,E,E,81.0,appartement,1890,92 ROUTE DE PERIGUEUX 33000 BORDEAUX,33000,33063,33063_9692_00092,0.92,245.3,19.49,-0.5792,44.8378,33063000E0017
2333E0000793,2021-08-04,G,B,44.0,appartement,1975,140 COURS DE L ARGONNE 33000 BORDEAUX,33000,33063,33063_1663_00140,0.95,521.9,43.73,-0.5792,44.8378,33063000D0425
2324E0000305,2023-03-05,F,D,,maison,1975,101 ALLEE DES CHENES 24430 ANNESSE-ET-BEAULIEU,24430,24016,24016_7070_00101,0.95,320.1,25.19,0.557,45.087,24016000A0854
2324E0000311,2023-12-03,C,F,93.0,appartement,1983,113 RUE SAINTE CATHERINE 24430 ANNESSE-ET-BEAULIEU,24430,24016,24016_8011_00113,0.92,146.4,3.35,0.557,45.087,24016000B0860
2317E0000010,2022-12-10,F,B,52.0,appartement,2003,13 AVENUE THIERS 17300 ROCHEFORT,17300,17300,17300_8157_00013,0.92,363.9,22.5,-0.9628,45.9414,17300000C0588
2333E0000294,2022-05-20,F,F,85.0,appartement,1983,93 IMPASSE DES VIGNES 33000 BORDEAUX,33000,33063,33063_8957_00093,0.98,330.6,12.6,-0.5792,44.8378,33063000A0082
2317E0000352,2023-01-04,D,E,133.0,maison,2011,157 RUE GAMBETTA 17300 ROCHEFORT,17300,17300,17300_7522_00157,0.95,195.7,17.0,-0.9628,45.9414,17300000C0551
2324E0000777,2023-09-01,D,F,137.0,maison,1994,115 RUE SAINTE CATHERINE 24430 ANNESSE-ET-BEAULIEU,24430,24016,24016_1479_00115,0.95,219.5,6.29,0.557,45.087,24016000C0983
2324E0000074,2023-04-14,E,D,134.0,maison,1930,104 RUE SAINTE CATHERINE 24430 ANNESSE-ET-BEAULIEU,24430,24016,24016_6884_00104,0.95,286.5,10.24,0.557,45.087,24016000E0573
2333E0000437,2022-03-19,E,B,74.0,appartement,1975,79 RUE GAMBETTA 33000 BORDEAUX,33000,33063,33063_6718_00079,0.88,242.8,7.08,-0.5792,44.8378,33063000E0199
2333E0000642,2023-03-24,E,D,52.0,appartement,1890,109 RUE GAMBETTA 33000 BORDEAUX,33000,33063,33063_1245_00109,0.95,263.8,14.07,-0.5792,44.8378,33063000C0753
2324E0000493,2023-11-14,F,D,69.0,appartement,2019,110 RUE DU PALAIS 24430 ANNESSE-ET-BEAULIEU,24430,24016,24016_6869_00110,0.92,407.9,18.1,0.557,45.087,24016000A0715
2317E0000266,2021-08-22,C,E,158.0,maison,1983,165 RUE DU PALAIS 17300 ROCHEFORT,17300,17300,17300_8164_00165,0.88,137.9,11.8,-0.9628,45.9414,17300000Z0761
2324E0000327,2023-08-30,E,F,67.0,appartement,1930,108 AVENUE THIERS 24430 ANNESSE-ET-BEAULIEU,24430,24016,24016_1885_00108,0.98,287.9,14.93,0.557,45.087,24016000B0408
2317E0000404,2022-05-30,B,E,45.0,appartement,1930,122 RUE DU PALAIS 17300 ROCHEFORT,17300,17300,17300_7408_00122,0.98,101.3,8.29,-0.9628,45.9414,17300000B0518
2324E0000121,2023-03-25,C,B,93.0,appartement,1983,175 ALLEE DES CHENES 24430 ANNESSE-ET-BEAULIEU,24430,24016,24016_3585_00175,0.88,119.1,8.02,0.557,45.087,24016000A0941
2324E0000466,2023-05-06,F,E,78.0,appartement,2003,70 IMPASSE DES VIGNES 24430 ANNESSE-ET-BEAULIEU,24430,24016,24016_9625_00070,0.92,348.8,9.3,0.557,45.087,24016000B0253
2333E0000781,2024-05-30,E,C,130.0,maison,2019,20 AVENUE THIERS 33000 BORDEAUX,33000,33063,33063_5558_00020,0.55,297.4,16.88,-0.5792,44.8378,33063000D0743
COR-DT1,,G,D,197.0,maison,,42 AVENUE THIERS 33000 BORDEAUX,33000,33063,33063_3314_00042,0.92,501.8,31.25,-0.5792,44.8378,33063000Z0477
2333E0000809,2024-03-12,F,G,99.0,maison,1962,141 RUE DU PALAIS 33000 BORDEAUX,33000,33063,33063_6029_00141,0.95,345.6,29.77,-0.5792,44.8378,33063000D0939
2324E0000421,2024-01-26,D,E,56.0,appartement,2019,22 RUE SAINTE CATHERINE 24430 ANNESSE-ET-BEAULIEU,24430,24016,24016_7503_00022,0.98,216.7,18.64,0.557,45.087,24016000B0845
2324E0000770,2023-06-26,G,E,194.0,maison,1975,180 RUE SAINTE CATHERINE 24430 ANNESSE-ET-BEAULIEU,24430,24016,24016_2080_00180,0.55,527.4,33.68,0.557,45.087,24016000D0946
2324E0000656,2023-04-05,E,F,91.0,appartement,1930,15 IMPASSE DES VIGNES 24430 ANNESSE-ET-BEAULIEU,24430,24016,24016_4522_00015,0.92,255.0,9.31,0.557,45.087,24016000E0612
2333E0000458,2022-11-17,D,C,111.0,maison,1983,21 PLACE COLBERT 33000 BORDEAUX,33000,33063,33063_5521_00021,0.98,223.6,20.09,-0.5792,44.8378,33063000Z0423
2317E0000291,2021-12-22,F,F,,maison,1962,154 ROUTE DE PERIGUEUX 17300 ROCHEFORT,17300,17300,17300_8437_00154,0.88,358.7,9.69,-0.9628,45.9414,17300000E0753
2317E0000488,2023-10-12,E,C,133.0,maison,2011,91 IMPASSE DES VIGNES 17300 ROCHEFORT,17300,17300,17300_7422_00091,0.92,309.5,19.65,-0.9628,45.9414,17300000E0129
2333E0000444,2023-06-09,B,D,182.0,maison,1975,147 ALLEE DES CHENES 33000 BORDEAUX,33000,33063,33063_2069_00147,0.88,81.1,6.48,-0.5792,44.8378,33063000D0965
2324E0000228,2024-08-07,E,E,142.0,maison,1975,165 ALLEE DES CHENES 24430 ANNESSE-ET-BEAULIEU,24430,24016,24016_1707_00165,0.71,252.7,15.6,0.557,45.087,24016000C0660
2324E0000116,2024-09-14,D,G,101.0,maison,2019,140 PLACE COLBERT 24430 ANNESSE-ET-BEAULIEU,24430,24016,24016_9161_00140,0.88,216.4,9.02,0.557,45.087,24016000D0114
2324E0000338,2023-12-13,D,E,88.0,maison,1962,150 ROUTE DE PERIGUEUX 24430 ANNESSE-ET-BEAULIEU,24430,24016,24016_7834_00150,0.98,188.4,11.16,0.557,45.087,24016000B0560
2317E0000012,2024-05-24,D,F,61.0,appartement,1962,15 AVENUE THIERS 17300 ROCHEFORT,17300,17300,17300_2859_00015,0.98,206.4,5.78,-0.9628,45.9414,17300000D0176
2324E0000192,2023-07-27,E,E,173.0,maison,1930,170 IMPASSE DES VIGNES 24430 ANNESSE-ET-BEAULIEU,24430,24016,24016_4487_00170,0.55,292.5,16.3,0.557,45.087,24016000B0122
2333E0000468,2021-09-27,C,G,189.0,maison,1930,152 RUE GAMBETTA 33000 BORDEAUX,33000,33063,33063_7618_00152,0.92,142.0,3.66,-0.5792,44.8378,33063000Z0551
2317E0000544,2023-08-06,C,D,83.0,appartement,1962,79 ROUTE DE PERIGUEUX 17300 ROCHEFORT,17300,17300,17300_1852_00079,0.92,137.9,10.1,-0.9628,45.9414,17300000Z0919
2333E0000502,2023-12-16,B,D,72.0,appartement,,63 AVENUE THIERS 33000 BORDEAUX,33000,33063,33063_5936_00063,0.88,102.9,6.03,-0.5792,44.8378,33063000C0171
2324E0000882,2023-09-04,G,D,52.0,appartement,2003,73 ROUTE DE PERIGUEUX 24430 ANNESSE-ET-BEAULIEU,24430,24016,24016_4121_00073,0.98,528.7,31.78,0.557,45.087,24016000C0727
2317E0000598,2022-01-02,G,D,65.0,appartement,1890,139 IMPASSE DES VIGNES 17300 ROCHEFORT,17300,17300,17300_7480_00139,0.95,454.3,26.79,-0.9628,45.9414,17300000E0514
2333E0000017,2022-11-05,E,G,31.0,appartement,1930,72 RUE SAINTE CATHERINE 33000 BORDEAUX,33000,33063,33063_7467_00072,0.95,298.8,14.43,-0.5792,44.8378,33063000B0927
2333E0000113,2022-10-22,F,E,153.0,maison,,126 AVENUE THIERS 33000 BORDEAUX,33000,33063,33063_3897_00126,0.98,397.6,30.25,-0.5792,44.8378,33063000C0925
2324E0000265,2023-06-02,A,E,84.0,appartement,1930,85 RUE GAMBETTA 24430 ANNESSE-ET-BEAULIEU,24430,24016,24016_9991_00085,0.98,51.5,1.77,0.557,45.087,24016000E0159
2324E0000097,2023-03-27,C,D,196.0,maison,1994,59 AVENUE THIERS 24430 ANNESSE-ET-BEAULIEU,24430,24016,24016_9835_00059,0.95,119.7,5.97,0.557,45.087,24016000D0482
2324E0000058,2021-09-28,E,F,58.0,appartement,2019,43 AVENUE THIERS 24430 ANNESSE-ET-BEAULIEU,24430,24016,24016_7764_00043,0.95,277.4,24.66,0.557,45.087,24016000B0081
2333E0000302,2022-08-18,E,C,168.0,maison,1983,40 ALLEE DES CHENES 33000 BORDEAUX,33000,33063,33063_2836_00040,0.95,266.8,16.34,-0.5792,44.8378,33063000C0642
2317E0000309,2022-01-11,A,E,181.0,maison,1975,88 AVENUE THIERS 17300 ROCHEFORT,17300,17300,17300_6247_00088,0.98,64.0,1.82,-0.9628,45.9414,17300000E0870
2324E0000382,2022-02-02,D,D,174.0,maison,2003,125 RUE SAINTE CATHERINE 24430 ANNESSE-ET-BEAULIEU,24430,24016,24016_7762_00125,0.55,202.4,7.48,0.557,45.087,24016000A0039
2317E0000584,2020-10-14,E,B,98.0,maison,1962,16 IMPASSE DES VIGNES 17300 ROCHEFORT,17300,17300,17300_8033_00016,0.95,238.4,21.25,-0.9628,45.9414,17300000Z0095
2324E0000240,2024-02-09,E,E,59.0,appartement,2003,74 RUE SAINTE CATHERINE 24430 ANNESSE-ET-BEAULIEU,24430,24016,24016_9806_00074,0.98,320.2,21.13,0.557,45.087,24016000A0230
2317E0000035,2023-12-01,F,D,134.0,appartement,1962,17 RUE DU PALAIS 17300 ROCHEFORT,17300,17300,17300_2844_00017,0.88,345.7,12.88,-0.9628,45.9414,17300000Z0817
2324E0000145,2024-06-03,E,C,30.0,appartement,2011,118 ALLEE DES CHENES 24430 ANNESSE-ET-BEAULIEU,24430,24016,24016_2946_00118,0.98,290.3,24.71,0.557,45.087,24016000D0771
2333E0000027,2022-03-13,D,D,148.0,maison,2011,155 RUE GAMBETTA 33000 BORDEAUX,33000,33063,33063_6477_00155,0.55,210.3,12.2,-0.5792,44.8378,33063000E0239
2333E0000258,2021-10-08,E,D,210.0,maison,2003,36 RUE SAINTE CATHERINE 33000 BORDEAUX,33000,33063,33063_6178_00036,0.92,283.9,22.51,-0.5792,44.8378,33063000E0930
2317E0000695,2021-08-08,D,F,120.0,maison,,134 PLACE COLBERT 17300 ROCHEFORT,17300,17300,17300_2574_00134,0.55,189.1,14.15,-0.9628,45.9414,17300000Z0395
2317E0000609,2021-03-12,C,F,182.0,maison,1962,57 PLACE COLBERT 17300 ROCHEFORT,17300,17300,17300_1175_00057,0.92,127.0,5.93,-0.9628,45.9414,17300000B0080
2324E0000509,2023-05-26,G,D,190.0,maison,1962,150 ROUTE DE PERIGUEUX 24430 ANNESSE-ET-BEAULIEU,24430,24016,24016_4861_00150,0.95,529.0,14.71,0.557,45.087,24016000Z0101
2324E0000383,2022-10-30,B,D,108.0,maison,2019,157 ALLEE DES CHENES 24430 ANNESSE-ET-BEAULIEU,24430,24016,24016_5096_00157,0.92,80.0,3.9,0.557,45.087,24016000B0850
2333E0000174,2023-02-03,D,C,294.1,maison,2003,170 PLACE COLBERT 33000 BORDEAUX,33000,33063,33063_8342_00170,0.55,215.9,14.2,-0.5792,44.8378,33063000C0549
2317E0000131,2022-10-17,F,E,44.0,appartement,2011,8 IMPASSE DES VIGNES 17300 ROCHEFORT,17300,17300,17300_5743_00008,0.95,386.0,30.07,-0.9628,45.9414,17300000A0118
2333E0000501,2022-04-30,D,F,165.0,maison,2011,66 ALLEE DES CHENES 33000 BORDEAUX,33000,33063,33063_6532_00066,0.98,187.2,5.07,-0.5792,44.8378,33063000E0297
2324E0000808,2024-05-14,G,D,51.0,appartement,1930,132 ALLEE DES CHENES 24430 ANNESSE-ET-BEAULIEU,24430,24016,24016_7632_00132,0.92,520.5,27.92,0.557,45.087,24016000Z0649
2317E0000048,2022-06-10,B,C,172.0,maison,2019,37 RUE DU PALAIS 17300 ROCHEFORT,17300,17300,17300_6793_00037,0.95,85.3,3.07,-0.9628,45.9414,17300000B0379
2333E0000549,2022-07-23,E,C,92.0,appartement,1983,100 AVENUE THIERS 33000 BORDEAUX,33000,33063,33063_2670_00100,0.95,283.1,11.47,-0.5792,44.8378,33063000E0386
2333E0000221,2023-07-12,E,C,75.0,maison,2011,50 PLACE COLBERT 33000 BORDEAUX,33000,33063,33063_5516_00050,0.92,287.5,25.83,-0.5792,44.8378,33063000Z0109
2324E0000608,2023-05-30,D,C,88.0,appartement,1890,59 RUE GAMBETTA 24430 ANNESSE-ET-BEAULIEU,24430,24016,24016_6882_00059,0.92,195.8,17.09,0.557,45.087,24016000D0594
2333E0000415,2024-02-12,B,E,84.0,appartement,1994,9 COURS DE L ARGONNE 33000 BORDEAUX,33000,33063,33063_9839_00009,0.95,99.8,5.58,-0.5792,44.8378,33063000E0149
2317E0000429,2023-09-14,D,D,59.0,appartement,2011,103 PLACE COLBERT 17300 ROCHEFORT,17300,17300,17300_5766_00103,0.92,227.4,9.41,-0.9628,45.9414,17300000C0380
2317E0000706,2022-12-15,D,B,97.0,maison,2011,167 IMPASSE DES VIGNES 17300 ROCHEFORT,17300,17300,17300_3130_00167,0.98,205.0,16.38,-0.9628,45.9414,17300000E0583
2324E0000199,2023-10-20,E,D,110.0,maison,1930,179 RUE GAMBETTA 24430 ANNESSE-ET-BEAULIEU,24430,24016,24016_2470_00179,0.88,269.1,17.28,0.557,45.087,24016000C0234
2333E0000358,2024-02-08,D,G,,appartement,1975,35 ROUTE DE PERIGUEUX 33000 BORDEAUX,33000,33063,33063_5368_00035,0.98,195.5,9.18,-0.5792,44.8378,33063000E0066
2324E0000117,2022-04-02,B,D,154.0,maison,,80 ROUTE DE PERIGUEUX 24430 ANNESSE-ET-BEAULIEU,24430,24016,24016_6606_00080,0.92,87.4,3.71,0.557,45.087,24016000Z0805
2333E0000712,2022-05-19,E,F,30.0,appartement,1975,110 PLACE COLBERT 33000 BORDEAUX,33000,33063,33063_5909_00110,0.95,295.1,10.51,-0.5792,44.8378,33063000D0520
2333E0000413,2023-04-26,C,C,198.0,maison,1962,24 RUE GAMBETTA 33000 BORDEAUX,33000,33063,33063_3835_00024,0.92,137.3,11.78,-0.5792,44.8378,33063000A0426
2324E0000799,2023-09-07,D,E,92.0,maison,2011,138 RUE GAMBETTA 24430 ANNESSE-ET-BEAULIEU,24430,24016,24016_9055_00138,0.95,192.6,16.04,0.557,45.087,24016000C0976
2333E0000472,2020-12-04,F,E,87.0,appartement,1890,130 RUE GAMBETTA 33000 BORDEAUX,33000,33063,33063_1962_00130,0.98,384.1,14.97,-0.5792,44.8378,33063000D0779
2324E0000683,2022-10-20,F,D,120.0,maison,2019,169 ALLEE DES CHENES 24430 ANNESSE-ET-BEAULIEU,24430,24016,24016_5961_00169,0.95,337.0,8.54,0.557,45.087,24016000B0657
2324E0000634,2022-05-29,D,C,,maison,1962,177 RUE GAMBETTA 24430 ANNESSE-ET-BEAULIEU,24430,24016,24016_5195_00177,0.55,225.1,14.73,0.557,45.087,24016000B0314
2324E0000153,2022-05-20,B,D,174.0,maison,,169 ALLEE DES CHENES 24430 ANNESSE-ET-BEAULIEU,24430,24016,24016_7538_00169,0.95,85.3,2.16,0.557,45.087,24016000D0085
2324E0000843,2021-10-09,B,D,197.0,maison,1930,141 ALLEE DES CHENES 24430 ANNESSE-ET-BEAULIEU,24430,24016,24016_1411_00141,0.95,100.7,4.08,0.557,45.087,24016000B0508
2317E0000625,2023-02-25,D,C,177.0,maison,2011,3 AVENUE THIERS 17300 ROCHEFORT,17300,17300,17300_8509_00003,0.55,183.2,9.65,-0.9628,45.9414,17300000A0822
2333E0000669,2022-04-24,F,D,52.0,appartement,1890,76 IMPASSE DES VIGNES 33000 BORDEAUX,33000,33063,33063_3887_00076,0.71,377.3,32.31,-0.5792,44.8378,33063000B0730
2324E0000150,2022-02-13,E,C,31.0,maison,2019,172 ALLEE DES CHENES 24430 ANNESSE-ET-BEAULIEU,24430,24016,24016_2326_00172,0.98,296.1,23.47,0.557,45.087,24016000Z0852
2333E0000110,2023-10-06,D,F,130.0,maison,2019,89 RUE GAMBETTA 33000 BORDEAUX,33000,33063,33063_3742_00089,0.88,226.0,11.58,-0.5792,44.8378,33063000B0417
2317E0000520,2023-01-20,F,G,189.0,maison,2011,4 PLACE COLBERT 17300 ROCHEFORT,17300,17300,17300_3449_00004,0.98,372.8,24.52,-0.9628,45.9414,17300000Z0775
2333E0000587,2024-02-04,E,G,78.0,appartement,1994,142 ALLEE DES CHENES 33000 BORDEAUX,33000,33063,33063_9768_00142,0.88,291.1,12.69,-0.5792,44.8378,33063000B0695
2324E0000700,2024-03-06,D,E,122.0,appartement,1930,165 ALLEE DES CHENES 24430 ANNESSE-ET-BEAULIEU,24430,24016,24016_5643_00165,0.88,182.8,12.86,0.557,45.087,24016000C0609
2333E0000207,2022-06-07,F,F,28.0,maison,2003,163 RUE DU PALAIS 33000 BORDEAUX,33000,33063,33063_3149_00163,0.95,388.7,21.07,-0.5792,44.8378,33063000C0135
2317E0000231,2024-02-25,D,F,85.0,appartement,1975,10 RUE SAINTE CATHERINE 17300 ROCHEFORT,17300,17300,17300_6862_00010,0.98,217.2,16.9,-0.9628,45.9414,17300000B0978
2333E0000540,2021-07-31,E,F,197.0,maison,1930,117 RUE SAINTE CATHERINE 33000 BORDEAUX,33000,33063,33063_1983_00117,0.92,251.4,15.62,-0.5792,44.8378,33063000E0205
2333E0000286,2024-05-27,G,E,76.0,appartement,1930,113 RUE SAINTE CATHERINE 33000 BORDEAUX,33000,33063,33063_8294_00113,0.71,406.2,26.0,-0.5792,44.8378,33063000C0552
2333E0000531,2023-02-05,F,G,77.0,appartement,1983,124 IMPASSE DES VIGNES 33000 BORDEAUX,33000,33063,33063_2053_00124,0.92,306.6,13.22,-0.5792,44.8378,33063000D0266
2333E0000104,2021-01-10,C,D,85.0,appartement,,158 RUE DU PALAIS 33000 BORDEAUX,33000,33063,33063_9977_00158,0.92,122.9,3.06,-0.5792,44.8378,33063000C0928
2317E0000373,2023-11-16,D,D,83.0,appartement,2019,113 PLACE COLBERT 17300 ROCHEFORT,17300,17300,17300_9327_00113,0.98,180.4,6.71,-0.9628,45.9414,17300000Z0831
2333E0000635,2023-02-18,G,D,39.0,appartement,1890,70 ALLEE DES CHENES 33000 BORDEAUX,33000,33063,33063_1452_00070,0.95,466.5,38.29,-0.5792,44.8378,33063000E0720
2333E0000384,2022-01-31,C,E,88.0,appartement,1975,140 RUE SAINTE CATHERINE 33000 BORDEAUX,33000,33063,33063_1986_00140,0.95,157.0,12.74,-0.5792,44.8378,33063000A0930
2324E0000124,2023-07-25,B,F,65.0,appartement,1962,55 RUE SAINTE CATHERINE 24430 ANNESSE-ET-BEAULIEU,24430,24016,24016_7224_00055,0.98,101.1,7.7,0.557,45.087,24016000D0133
2324E0000351,2022-08-09,D,E,94.0,maison,1975,64 COURS DE L ARGONNE 24430 ANNESSE-ET-BEAULIEU,24430,24016,24016_2533_00064,0.98,187.7,12.52,0.557,45.087,24016000C0171
2333E0000303,2024-03-01,C,D,110.0,maison,2003,168 AVENUE THIERS 33000 BORDEAUX,33000,33063,33063_7461_00168,0.92,124.4,3.02,-0.5792,44.8378,33063000C0017
2333E0000370,2023-02-06,D,D,176.0,maison,1962,31 RUE GAMBETTA 33000 BORDEAUX,33000,33063,33063_6821_00031,0.55,194.8,4.71,-0.5792,44.8378,33063000A0759
2333E0000718,2022-01-04,D,E,186.0,maison,1983,1 RUE DU PALAIS 33000 BORDEAUX,33000,33063,33063_4238_00001,0.92,221.5,19.46,-0.5792,44.8378,33063000A0098
2333E0000863,2021-11-17,E,F,47.0,appartement,,104 RUE DU PALAIS 33000 BORDEAUX,33000,33063,33063_3140_00104,0.95,308.6,8.19,-0.5792,44.8378,33063000D0548
2317E0000840,2023-08-18,E,E,155.0,maison,2019,138 ROUTE DE PERIGUEUX 17300 ROCHEFORT,17300,17300,17300_3960_00138,0.95,249.8,13.19,-0.9628,45.9414,17300000C0383
2333E0000756,2023-01-12,D,C,122.0,maison,2011,157 ALLEE DES CHENES 33000 BORDEAUX,33000,33063,33063_5536_00157,0.55,205.2,13.42,-0.5792,44.8378,33063000D0321
2333E0000093,2023-03-10,E,E,192.0,maison,2003,8 AVENUE THIERS 33000 BORDEAUX,33000,33063,33063_8417_00008,0.95,321.6,26.67,-0.5792,44.8378,33063000C0879
2317E0000871,2022-10-30,E,G,,appartement,2011,138 RUE GAMBETTA 17300 ROCHEFORT,17300,17300,17300_2768_00138,0.92,298.1,8.99,-0.9628,45.9414,17300000A0888
2317E0000043,2024-02-16,D,C,42.0,appartement,1983,122 AVENUE THIERS 17300 ROCHEFORT,17300,17300,17300_5485_00122,0.98,171.1,9.55,-0.9628,45.9414,17300000B0951
2333E0000340,2022-11-06,D,B,87.0,appartement,1962,118 AVENUE THIERS 33000 BORDEAUX,33000,33063,33063_2644_00118,0.71,223.1,6.39,-0.5792,44.8378,33063000B0148
2324E0000108,2021-05-13,F,E,73.3,appartement,1890,124 AVENUE THIERS 24430 ANNESSE-ET-BEAULIEU,24430,24016,24016_5067_00124,0.95,335.2,20.82,0.557,45.087,24016000C0563
2333E0000457,2022-02-08,F,F,167.7,appartement,1975,175 RUE SAINTE CATHERINE 33000 BORDEAUX,33000,33063,33063_3831_00175,0.95,400.5,20.66,-0.5792,44.8378,33063000D0311
2324E0000859,2022-11-20,E,D,143.0,maison,2003,178 AVENUE THIERS 24430 ANNESSE-ET-BEAULIEU,24430,24016,24016_8348_00178,0.98,280.7,17.51,0.557,45.087,24016000E0607
2333E0000167,2024-05-03,C,A,43.0,appartement,2011,84 RUE SAINTE CATHERINE 33000 BORDEAUX,33000,33063,33063_7427_00084,0.92,133.5,11.36,-0.5792,44.8378,33063000A0548
2317E0000707,2021-06-03,G,D,84.0,appartement,1994,105 RUE DU PALAIS 17300 ROCHEFORT,17300,17300,17300_6002_00105,0.98,418.2,30.79,-0.9628,45.9414,17300000D0853
2317E0000448,2024-06-14,C,F,184.0,maison,1890,168 ALLEE DES CHENES 17300 ROCHEFORT,17300,17300,17300_5288_00168,0.88,123.3,4.47,-0.9628,45.9414,17300000D0400
2317E0000190,2023-08-30,E,G,57.1,appartement,2011,55 ALLEE DES CHENES 17300 ROCHEFORT,17300,17300,17300_5473_00055,0.71,316.7,7.81,-0.9628,45.9414,17300000A0491
2333E0000187,2024-09-21,D,C,39.0,appartement,,104 IMPASSE DES VIGNES 33000 BORDEAUX,33000,33063,33063_9348_00104,0.98,223.8,10.48,-0.5792,44.8378,33063000A0229
2324E0000296,2022-01-22,E,E,34.0,appartement,1983,111 RUE DU PALAIS 24430 ANNESSE-ET-BEAULIEU,24430,24016,24016_5776_00111,0.92,257.1,20.73,0.557,45.087,24016000A0030
2317E0000661,2023-07-02,C,D,49.0,maison,2003,38 RUE DU PALAIS 17300 ROCHEFORT,17300,17300,17300_5117_00038,0.88,134.6,8.35,-0.9628,45.9414,17300000B0946
2333E0000704,2022-04-14,D,E,81.0,appartement,2019,36 RUE GAMBETTA 33000 BORDEAUX,33000,33063,33063_6218_00036,0.95,203.4,10.77,-0.5792,44.8378,33063000D0216
2324E0000060,2022-02-12,F,G,40.0,appartement,2003,58 COURS DE L ARGONNE 24430 ANNESSE-ET-BEAULIEU,24430,24016,24016_3133_00058,0.95,343.9,15.11,0.557,45.087,24016000D0234
2324E0000431,2023-07-12,E,G,89.0,appartement,2011,124 COURS DE L ARGONNE 24430 ANNESSE-ET-BEAULIEU,24430,24016,24016_5212_00124,0.98,241.9,16.27,0.557,45.087,24016000A0933
2317E0000822,2022-12-13,F,G,57.0,appartement,1890,171 RUE DU PALAIS 17300 ROCHEFORT,17300,17300,17300_7582_00171,0.95,367.4,25.14,-0.9628,45.9414,17300000D0284
2333E0000050,2023-03-13,E,D,161.2,maison,1994,59 AVENUE THIERS 33000 BORDEAUX,33000,33063,33063_7386_00059,0.71,312.1,23.5,-0.5792,44.8378,33063000Z0759
2317E0000409,2021-03-10,B,C,40.0,appartement,1890,93 ALLEE DES CHENES 17300 ROCHEFORT,17300,17300,17300_7558_00093,0.88,84.7,5.92,-0.9628,45.9414,17300000A0501
2324E0000480,2023-11-10,C,F,65.0,appartement,,123 PLACE COLBERT 24430 ANNESSE-ET-BEAULIEU,24430,24016,24016_7582_00123,0.98,157.6,8.57,0.557,45.087,24016000Z0672
2333E0000841,2022-09-03,E,D,97.0,maison,2011,115 RUE DU PALAIS 33000 BORDEAUX,33000,33063,33063_5483_00115,0.95,296.4,25.25,-0.5792,44.8378,33063000E0625
2324E0000571,2023-11-23,B,E,,maison,1983,135 AVENUE THIERS 24430 ANNESSE-ET-BEAULIEU,24430,24016,24016_6396_00135,0.55,81.1,6.24,0.557,45.087,24016000A0729
2333E0000447,2024-08-31,D,G,37.0,appartement,1975,66 ALLEE DES CHENES 33000 BORDEAUX,33000,33063,33063_7371_00066,0.98,228.2,16.46,-0.5792,44.8378,33063000Z0626
2317E0000246,2022-09-14,F,G,74.0,maison,2003,51 IMPASSE DES VIGNES 17300 ROCHEFORT,17300,17300,17300_4085_00051,0.88,407.6,18.9,-0.9628,45.9414,17300000B0426
2333E0000743,2023-02-12,G,E,118.0,maison,1930,117 RUE GAMBETTA 33000 BORDEAUX,33000,33063,33063_4101_00117,0.92,447.8,14.09,-0.5792,44.8378,33063000B0378
2317E0000666,2023-04-11,F,D,87.0,maison,1962,150 ROUTE DE PERIGUEUX 17300 ROCHEFORT,17300,17300,17300_8736_00150,0.55,403.9,16.36,-0.9628,45.9414,17300000B0937
2324E0000537,2023-02-20,D,F,73.0,appartement,1890,149 PLACE COLBERT 24430 ANNESSE-ET-BEAULIEU,24430,24016,24016_1516_00149,0.98,187.6,8.72,0.557,45.087,24016000B0968
2333E0000218,2024-08-12,C,C,159.0,maison,2011,151 COURS DE L ARGONNE 33000 BORDEAUX,33000,33063,33063_1879_00151,0.92,153.4,8.64,-0.5792,44.8378,33063000E0500
2324E0000149,2024-08-30,D,D,83.0,appartement,1962,179 ROUTE DE PERIGUEUX 24430 ANNESSE-ET-BEAULIEU,24430,24016,24016_1626_00179,0.95,195.8,5.02,0.557,45.087,24016000B0267
2333E0000050,2023-03-13,E,D,161.2,maison,1994,59 AVENUE THIERS 33000 BORDEAUX,33000,33063,33063_7386_00059,0.71,312.1,23.5,-0.5792,44.8378,33063000Z0759
2333E0000078,2024-01-05,F,B,86.0,maison,2019,122 RUE SAINTE CATHERINE 33000 BORDEAUX,33000,33063,33063_4898_00122,0.71,360.4,30.83,-0.5792,44.8378,33063000D0321
2324E0000206,2022-05-12,E,C,71.0,appartement,1890,39 RUE SAINTE CATHERINE 24430 ANNESSE-ET-BEAULIEU,24430,24016,24016_3658_00039,0.88,244.2,11.88,0.557,45.087,24016000A0055
2317E0000496,2022-06-19,B,C,32.0,appartement,1930,15 ROUTE DE PERIGUEUX 17300 ROCHEFORT,17300,17300,17300_2468_00015,0.92,93.7,7.19,-0.9628,45.9414,17300000D0875
2324E0000319,2023-08-18,F,F,37.0,appartement,,44 RUE DU PALAIS 24430 ANNESSE-ET-BEAULIEU,24430,24016,24016_8170_00044,0.95,318.0,16.88,0.557,45.087,24016000B0527
2324E0000345,2022-11-29,D,D,73.0,appartement,1930,86 RUE SAINTE CATHERINE 24430 ANNESSE-ET-BEAULIEU,24430,24016,24016_8364_00086,0.92,221.8,18.33,0.557,45.087,24016000A0889
2317E0000551,2022-12-26,D,C,65.0,appartement,1890,50 ROUTE DE PERIGUEUX 17300 ROCHEFORT,17300,17300,17300_3299_00050,0.95,207.9,10.64,-0.9628,45.9414,17300000D0646
2333E0000301,2023-01-30,C,G,193.0,maison,2011,12 RUE SAINTE CATHERINE 33000 BORDEAUX,33000,33063,33063_4112_00012,0.98,121.6,3.34,-0.5792,44.8378,33063000D0820
2333E0000371,2021-12-27,D,G,90.0,appartement,2011,11 PLACE COLBERT 33000 BORDEAUX,33000,33063,33063_4983_00011,0.71,219.0,11.71,-0.5792,44.8378,33063000E0380
2317E0000689,2023-05-18,F,F,339.1,maison,1962,78 RUE GAMBETTA 17300 ROCHEFORT,17300,17300,17300_3396_00078,0.88,329.5,21.36,-0.9628,45.9414,17300000E0829
2333E0000806,2023-07-19,D,B,29.0,appartement,1890,19 ALLEE DES CHENES 33000 BORDEAUX,33000,33063,33063_3388_00019,0.98,189.0,8.24,-0.5792,44.8378,33063000A0861
2333E0000062,2023-06-29,G,F,83.0,appartement,2003,153 RUE SAINTE CATHERINE 33000 BORDEAUX,33000,33063,33063_4177_00153,0.98,457.0,9.98,-0.5792,44.8378,33063000B0912
2324E0000583,2022-09-11,D,G,52.0,appartement,2019,68 RUE GAMBETTA 24430 ANNESSE-ET-BEAULIEU,24430,24016,24016_7033_00068,0.98,171.6,10.73,0.557,45.087,24016000D0882
2324E0000417,2022-08-13,D,E,181.0,maison,1930,5 RUE SAINTE CATHERINE 24430 ANNESSE-ET-BEAULIEU,24430,24016,24016_7979_00005,0.71,201.6,7.19,0.557,45.087,24016000A0930
2333E0000177,2022-12-06,F,E,92.0,maison,1994,47 PLACE COLBERT 33000 BORDEAUX,33000,33063,33063_4875_00047,0.95,343.3,7.8,-0.5792,44.8378,33063000D0543
2317E0000824,2023-03-23,E,D,195.0,maison,2003,110 RUE SAINTE CATHERINE 17300 ROCHEFORT,17300,17300,17300_4705_00110,0.92,295.5,11.04,-0.9628,45.9414,17300000A0877
2333E0000085,2023-12-26,G,E,66.0,appartement,,8 ROUTE DE PERIGUEUX 33000 BORDEAUX,33000,33063,33063_3152_00008,0.98,467.6,34.88,-0.5792,44.8378,33063000D0692
2317E0000350,2022-08-24,E,A,47.0,appartement,1890,111 PLACE COLBERT 17300 ROCHEFORT,17300,17300,17300_6616_00111,0.92,273.3,20.05,-0.9628,45.9414,17300000B0418
COR-DT0,0001-01-01x,D,F,55.3,appartement,,101 ALLEE DES CHENES 33000 BORDEAUX,33000,33063,33063_9767_00101,0.88,192.6,8.41,-0.5792,44.8378,33063000D0101
2324E0000816,2023-10-18,D,E,33.0,appartement,,121 IMPASSE DES VIGNES 24430 ANNESSE-ET-BEAULIEU,24430,24016,24016_5386_00121,0.92,193.7,16.4,0.557,45.087,24016000A0439
2333E0000538,2024-01-31,E,E,77.0,appartement,2003,94 ROUTE DE PERIGUEUX 33000 BORDEAUX,33000,33063,33063_2778_00094,0.98,313.7,10.44,-0.5792,44.8378,33063000E0901
2324E0000890,2024-05-15,D,B,181.0,appartement,1890,106 PLACE COLBERT 24430 ANNESSE-ET-BEAULIEU,24430,24016,24016_2778_00106,0.71,222.3,18.05,0.557,45.087,24016000C0390
2317E0000546,2022-09-04,C,G,73.0,appartement,1962,164 ALLEE DES CHENES 17300 ROCHEFORT,17300,17300,17300_2127_00164,0.98,150.9,9.31,-0.9628,45.9414,17300000C0011
2317E0000845,2023-01-13,F,C,87.0,appartement,1930,129 IMPASSE DES VIGNES 17300 ROCHEFORT,17300,17300,17300_6512_00129,0.95,389.6,22.35,-0.9628,45.9414,17300000D0262
2317E0000747,2024-01-10,B,D,70.0,appartement,2003,2 IMPASSE DES VIGNES 17300 ROCHEFORT,17300,17300,17300_7247_00002,0.95,98.0,5.06,-0.9628,45.9414,17300000B0909
2333E0000120,2023-07-10,E,G,147.0,maison,2011,101 ROUTE DE PERIGUEUX 33000 BORDEAUX,33000,33063,33063_2255_00101,0.98,241.5,11.07,-0.5792,44.8378,33063000A0007
2324E0000606,2021-06-15,G,E,95.0,appartement,1975,61 PLACE COLBERT 24430 ANNESSE-ET-BEAULIEU,24430,24016,24016_1455_00061,0.98,456.0,39.05,0.557,45.087,24016000C0823
2317E0000810,2023-10-14,F,F,32.0,appartement,1994,60 PLACE COLBERT 17300 ROCHEFORT,17300,17300,17300_8157_00060,0.71,405.4,26.38,-0.9628,45.9414,17300000D0052
2317E0000572,2023-07-22,E,D,41.0,appartement,1962,117 ALLEE DES CHENES 17300 ROCHEFORT,17300,17300,17300_8300_00117,0.98,316.1,27.81,-0.9628,45.9414,17300000D0687
2333E0000289,2021-01-14,E,C,58.0,appartement,,90 COURS DE L ARGONNE 33000 BORDEAUX,33000,33063,33063_2516_00090,0.88,322.0,17.23,-0.5792,44.8378,33063000A0714
