id_mutation,date_mutation,numero_disposition,nature_mutation,valeur_fonciere,adresse_numero,adresse_suffixe,adresse_nom_voie,code_postal,code_commune,nom_commune,code_departement,id_parcelle,nombre_lots,code_type_local,type_local,surface_reelle_bati,nombre_pieces_principales,surface_terrain,longitude,latitude
2023-100841,2023-05-11,1,Vente,378687.11,115,,RUE DU PALAIS,33000,33063,BORDEAUX,33,33063000E0625,1,1,Maison,97,3,1364,-0.560287,44.85673
2023-100021,2023-09-22,1,Vente,60707.01,48,,ALLEE DES CHENES,24430,24016,ANNESSE-ET-BEAULIEU,24,24016000D0719,2,2,Appartement,47,1,,0.536769,45.109163
2023-100786,2023-12-18,1,Vente,348329.9,19,,RUE DU PALAIS,17300,17300,ROCHEFORT,17,17300000D0934,2,1,Maison,141,6,1152,-0.949779,45.943443
2023-100079,2023-04-18,1,Vente,166631.22,131,,ALLEE DES CHENES,33000,33063,BORDEAUX,33,33063000Z0134,0,2,Appartement,31,1,,-0.539319,44.86531
2023-100609,2023-05-27,1,Vente,512093.87,57,,PLACE COLBERT,17300,17300,ROCHEFORT,17,17300000B0080,0,1,Maison,182,6,2227,-0.994714,45.981398
2023-100814,2023-04-11,1,Vente,80268.89,141,,RUE SAINTE CATHERINE,17300,17300,ROCHEFORT,17,17300000B0454,1,2,Appartement,43,2,,-0.988333,45.927993
2023-100775,2023-09-24,1,Vente,265846.11,7,,PLACE COLBERT,17300,17300,ROCHEFORT,17,17300000E0934,0,1,Maison,108,3,996,-1.006639,45.957269
2023-100761,2024-12-24,1,Vente,149517.95,125,,RUE GAMBETTA,33000,33063,BORDEAUX,33,33063000B0517,0,2,Appartement,37,1,,-0.625287,44.818651
2023-100276,2023-05-13,1,Vente,566287.07,143,,AVENUE THIERS,17300,17300,ROCHEFORT,17,17300000D0433,0,1,Maison,202,7,703,-1.007831,45.949482
2023-100890,2024-07-20,1,Vente,298717.71,106,,PLACE COLBERT,24430,24016,ANNESSE-ET-BEAULIEU,24,24016000C0390,0,1,Maison,181,6,1480,0.511314,45.09107
2023-100355,2024-08-13,1,Vente,336508.91,111,,RUE GAMBETTA,17300,17300,ROCHEFORT,17,17300000C0071,0,1,Maison,145,5,1664,-0.942033,45.930524
2023-100313,2023-04-01,2,Vente,112529.27,20,,PLACE COLBERT,24430,24016,ANNESSE-ET-BEAULIEU,24,24016000C0206,1,1,Maison,71,3,2252,0.511915,45.115856
2023-COR-S5,2024-02-08,1,Vente,236502.12,26,,COURS DE L ARGONNE,33000,33063,BORDEAUX,33,33063000D0753,0,2,Appartement,-12,2,,-0.551284,44.806407
2023-100686,2025-03-30,1,Vente,327729.3,180,,AVENUE THIERS,24430,24016,ANNESSE-ET-BEAULIEU,24,24016000C0925,0,1,Maison,191,9,1829,0.536227,45.054259
2023-100185,2024-02-02,1,Vente,514964.14,130,,ALLEE DES CHENES,33000,33063,BORDEAUX,33,33063000E0848,2,1,Maison,108,5,1349,-0.576804,44.868097
2023-100859,2025-01-25,1,Vente,188495.48,178,,AVENUE THIERS,24430,24016,ANNESSE-ET-BEAULIEU,24,24016000E0607,0,1,Maison,143,5,832,0.522912,45.064475
2023-100547,2023-03-08,1,Vente,52090.3,177,,RUE GAMBETTA,24430,24016,ANNESSE-ET-BEAULIEU,24,24016000B0866,2,2,Appartement,41,2,,0.589748,45.059631
2023-100182,2024-08-06,1,Vente,366375.91,135,,ALLEE DES CHENES,33000,33063,BORDEAUX,33,33063000E0955,1,1,Maison,88,3,1317,-0.563093,44.811206
2023-100027,2023-10-09,1,Vente,496284.82,155,,RUE GAMBETTA,33000,33063,BORDEAUX,33,33063000E0239,0,1,Maison,148,5,866,-0.591413,44.851566
2023-100146,2023-08-29,1,Vente,7434329.25,85,,RUE GAMBETTA,33000,33063,BORDEAUX,33,33063000C0758,0,1,Maison,199,8,672,-0.580107,44.857297
2023-COR-V10,2024-12-31,1,Vente,,45,,PLACE COLBERT,33000,33063,BORDEAUX,33,33063000Z0607,0,1,Maison,158,5,2378,-0.570126,44.851284
2023-100179,2024-01-19,1,Vente,1082037.97,172,,COURS DE L ARGONNE,33000,33063,BORDEAUX,33,33063000C0779,2,1,Maison,208,7,530,-0.6013,44.864499
2023-100441,2023-07-02,1,Vente,260741.38,68,,COURS DE L ARGONNE,24430,24016,ANNESSE-ET-BEAULIEU,24,24016000Z0135,2,1,Maison,202,7,586,0.56363,45.084053
2023-100466,2024-10-19,1,Vente,67232.64,70,,IMPASSE DES VIGNES,24430,24016,ANNESSE-ET-BEAULIEU,24,24016000B0253,2,2,Appartement,42,2,,0.598387,45.119618
2023-100180,2024-03-04,1,Vente,124181.07,134,,RUE GAMBETTA,24430,24016,ANNESSE-ET-BEAULIEU,24,24016000C0056,0,2,Appartement,58,2,,0.602977,45.115244
2023-100430,2025-04-20,1,Vente,321676.89,134,,AVENUE THIERS,17300,17300,ROCHEFORT,17,17300000D0118,0,1,Maison,180,7,653,-0.932956,45.917342
2023-100883,2023-01-29,1,Vente,39202.52,148,,RUE GAMBETTA,33000,33063,BORDEAUX,33,33063000B0647,2,1,Maison,84,4,466,-0.625951,44.833754
2023-100232,2023-10-22,1,Vente,483868.13,140,,RUE DU PALAIS,33000,33063,BORDEAUX,33,33063000B0194,1,1,Maison,106,5,2361,-0.614299,44.849954
2023-100210,2025-06-09,1,Vente,517515.87,155,,COURS DE L ARGONNE,33000,33063,BORDEAUX,33,33063000E0831,0,1,Maison,149,6,1980,-0.627267,44.866122
2023-100458,2024-05-06,1,Vente,499554.27,21,,PLACE COLBERT,33000,33063,BORDEAUX,33,33063000Z0423,0,1,Maison,111,4,1870,-0.565395,44.812056
2023-100557,2023-02-13,1,Vente,381559.97,44,,IMPASSE DES VIGNES,33000,33063,BORDEAUX,33,33063000Z0837,1,1,Maison,84,3,572,-0.536381,44.860836
2023-100033,2025-01-16,1,Vente,251114.05,92,,ROUTE DE PERIGUEUX,24430,24016,ANNESSE-ET-BEAULIEU,24,24016000B0300,2,1,Maison,139,5,2187,0.551187,45.091113
2023-100755,2024-02-24,1,Vente,1281259.78,133,,ALLEE DES CHENES,33000,33063,BORDEAUX,33,33063000Z0312,1,1,Maison,209,8,1015,-0.549709,44.87478
2023-100215,2025-04-13,1,Vente,681606.85,21,,ROUTE DE PERIGUEUX,33000,33063,BORDEAUX,33,33063000B0442,2,1,Maison,198,8,1521,-0.590515,44.822932
2023-100166,2023-07-07,1,Vente,82222.82,156,,ALLEE DES CHENES,24430,24016,ANNESSE-ET-BEAULIEU,24,24016000A0561,2,2,Appartement,40,1,,0.532074,45.066491
2023-100702,2024-01-16,1,Vente,148612.23,154,,ROUTE DE PERIGUEUX,24430,24016,ANNESSE-ET-BEAULIEU,24,24016000Z0842,0,2,Appartement,81,3,,0.55724,45.08713
2023-100226,2023-02-15,1,Vente,95458.23,57,,RUE SAINTE CATHERINE,24430,24016,ANNESSE-ET-BEAULIEU,24,24016000Z0033,1,2,Appartement,50,2,,0.540884,45.050322
2023-100520,2023-06-08,1,Vente,450941.07,4,,PLACE COLBERT,17300,17300,ROCHEFORT,17,17300000Z0775,0,1,Maison,189,6,1571,-0.945643,45.961709
2023-100844,2023-06-01,1,Vente,205535.26,65,,COURS DE L ARGONNE,17300,17300,ROCHEFORT,17,17300000E0666,0,2,Appartement,66,2,,-0.917004,45.969706
2023-100773,2024-03-21,1,Vente,206025.34,52,,AVENUE THIERS,24430,24016,ANNESSE-ET-BEAULIEU,24,24016000A0892,0,1,Maison,106,4,1800,0.583259,45.105353
2023-100631,2023-08-29,1,Vente,472626.02,131,,PLACE COLBERT,33000,33063,BORDEAUX,33,33063000A0297,1,2,Appartement,79,4,,-0.608008,44.800313
2023-100621,2024-02-05,1,Vente,346031.85,40,,ALLEE DES CHENES,33000,33063,BORDEAUX,33,33063000A0933,1,1,Maison,77,3,1604,-0.538865,44.844892
2023-100143,2024-10-01,1,Vente,1552684.95,16,,IMPASSE DES VIGNES,17300,17300,ROCHEFORT,17,17300000C0517,2,2,Appartement,79,3,,-0.967794,45.917561
2023-100015,2024-02-14,1,Vente,185156.83,172,,IMPASSE DES VIGNES,17300,17300,ROCHEFORT,17,17300000D0787,0,2,Appartement,62,2,,-0.963666,45.912177
2023-100558,2023-02-01,1,Vente,253176.97,12,,RUE DU PALAIS,24430,24016,ANNESSE-ET-BEAULIEU,24,24016000A0163,1,1,Maison,166,6,1638,0.579066,45.073949
2023-100200,2024-04-11,1,Vente,68234.23,116,,RUE SAINTE CATHERINE,24430,24016,ANNESSE-ET-BEAULIEU,24,24016000B0503,0,2,Appartement,48,2,,0.529081,45.087665
2023-100301,2023-12-20,2,Vente,1003561.63,12,,RUE SAINTE CATHERINE,33000,33063,BORDEAUX,33,33063000D0820,0,1,Maison,193,7,1317,-0.601406,44.808652
2023-100799,2025-06-13,1,Vente,198808.89,138,,RUE GAMBETTA,24430,24016,ANNESSE-ET-BEAULIEU,24,24016000C0976,2,2,Appartement,92,4,,0.577667,45.097065
2023-100801,2024-02-12,1,Vente,81540.72,117,,COURS DE L ARGONNE,17300,17300,ROCHEFORT,17,17300000Z0230,0,2,Appartement,30,1,,-0.934751,45.929173
2023-100822,2023-07-24,1,Vente,154133.88,171,,RUE DU PALAIS,17300,17300,ROCHEFORT,17,17300000D0284,0,2,Appartement,57,2,,-0.929565,45.930914
2023-100734,2023-07-21,1,Vente,240511.2,72,,AVENUE THIERS,24430,24016,ANNESSE-ET-BEAULIEU,24,24016000C0633,0,1,Maison,120,4,345,0.600315,45.079481
2023-100271,2024-01-24,1,Vente,77820.36,36,,ROUTE DE PERIGUEUX,33000,33063,BORDEAUX,33,33063000E0258,0,1,Maison,165,6,1374,-0.582166,44.829771
2023-100498,2023-07-30,1,Vente,451479.55,144,,RUE SAINTE CATHERINE,17300,17300,ROCHEFORT,17,17300000C0266,2,1,Maison,206,9,1764,-0.966924,45.953987
2023-100043,2025-04-14,1,Vente,76873.96,122,,AVENUE THIERS,17300,17300,ROCHEFORT,17,17300000B0951,0,2,Appartement,42,2,,-0.919988,45.964923
2023-100410,2025-05-05,1,Vente,142487.95,171,,ROUTE DE PERIGUEUX,24430,24016,ANNESSE-ET-BEAULIEU,24,24016000E0602,2,2,Appartement,69,3,,0.507168,45.116781
2023-100242,2025-05-30,1,Vente,255695.37,4,,RUE SAINTE CATHERINE,33000,33063,BORDEAUX,33,33063000A0790,0,2,Appartement,73,3,,-0.613844,44.866902
2023-100878,2023-01-24,1,Vente,172688.36,68,,COURS DE L ARGONNE,33000,33063,BORDEAUX,33,33063000C0935,0,2,Appartement,29,1,,-0.581596,44.858603
2023-100721,2023-05-01,1,Vente,189098.12,55,,IMPASSE DES VIGNES,17300,17300,ROCHEFORT,17,17300000B0436,2,2,Appartement,63,3,,-0.932772,45.916102
2023-100873,2024-08-13,1,Vente,803911.13,92,,RUE DU PALAIS,33000,33063,BORDEAUX,33,33063000E0493,0,1,Maison,187,9,1379,-0.538043,44.85049
2023-100499,2023-11-16,1,Vente,316917.12,16,,AVENUE THIERS,24430,24016,ANNESSE-ET-BEAULIEU,24,24016000Z0794,0,1,Maison,155,6,1064,0.553546,45.104662
2023-100729,2024-01-14,1,Vente,239156.17,130,,RUE DU PALAIS,24430,24016,ANNESSE-ET-BEAULIEU,24,24016000A0823,0,1,Maison,186,6,1488,0.56747,45.102746
2023-100314,2025-01-04,1,Vente,903986.44,104,,PLACE COLBERT,33000,33063,BORDEAUX,33,33063000E0319,0,1,Maison,157,6,1304,-0.609009,44.864065
2023-100611,2025-04-13,1,Vente,698462.39,114,,PLACE COLBERT,33000,33063,BORDEAUX,33,33063000Z0154,2,1,Maison,161,7,2049,-0.547259,44.804995
2023-100129,2023-06-15,1,Vente,75852.05,178,,ALLEE DES CHENES,24430,24016,ANNESSE-ET-BEAULIEU,24,24016000B0723,1,2,Appartement,35,2,,0.57448,45.093117
2023-100424,2024-04-21,1,Vente,334455.56,36,,IMPASSE DES VIGNES,17300,17300,ROCHEFORT,17,17300000E0710,0,1,Maison,109,5,547,-0.931184,45.94461
2023-100195,2024-09-19,1,Vente,314231.05,141,,ALLEE DES CHENES,24430,24016,ANNESSE-ET-BEAULIEU,24,24016000Z0249,2,1,Maison,167,6,635,0.507673,45.057813
2023-100135,2024-11-11,1,Vente,284725.58,135,,RUE GAMBETTA,33000,33063,BORDEAUX,33,33063000A0614,1,2,Appartement,51,2,,-0.55715,44.866734
2023-100088,2024-06-05,1,Vente,206360.47,140,,COURS DE L ARGONNE,24430,24016,ANNESSE-ET-BEAULIEU,24,24016000E0190,0,1,Maison,155,7,1357,0.584332,45.061203
2023-100752,2024-06-23,1,Vente,173802.62,44,,ALLEE DES CHENES,24430,24016,ANNESSE-ET-BEAULIEU,24,24016000B0156,0,2,Appartement,87,3,,0.573546,45.058694
2023-100188,2023-05-09,1,Vente,168781.23,79,,RUE DU PALAIS,17300,17300,ROCHEFORT,17,17300000E0404,0,2,Appartement,69,3,,-0.913154,45.920044
2023-100230,2023-05-15,1,Vente,85506.51,112,,COURS DE L ARGONNE,24430,24016,ANNESSE-ET-BEAULIEU,24,24016000A0253,0,2,Appartement,65,2,,0.571139,45.123084
2023-100592,2025-03-20,1,Vente,76983.5,139,,RUE GAMBETTA,17300,17300,ROCHEFORT,17,17300000B0400,1,2,Appartement,35,2,,-0.968935,45.950816
2023-100196,2023-07-31,1,Vente,229920.92,46,,PLACE COLBERT,24430,24016,ANNESSE-ET-BEAULIEU,24,24016000B0038,0,1,Maison,125,4,729,0.565342,45.051018
2023-100429,2024-09-10,1,Vente,132526.59,103,,PLACE COLBERT,17300,17300,ROCHEFORT,17,17300000C0380,0,2,Appartement,59,3,,-0.923921,45.973935
2023-100559,2023-02-15,1,Vente,302674.88,13,,AVENUE THIERS,33000,33063,BORDEAUX,33,33063000D0120,0,2,Appartement,73,2,,-0.573966,44.822145
2023-100807,2024-09-23,1,Vente,456652.55,150,,ALLEE DES CHENES,33000,33063,BORDEAUX,33,33063000Z0473,0,2,Appartement,91,4,,-0.543598,44.802007
2023-COR-S14,2024-07-29,1,Vente,102998.05,158,,IMPASSE DES VIGNES,17300,17300,ROCHEFORT,17,17300000D0897,1,2,Appartement,-12,1,,-0.961868,45.96625
2023-100024,2025-01-07,1,Vente,101809.3,61,,PLACE COLBERT,24430,24016,ANNESSE-ET-BEAULIEU,24,24016000D0850,0,2,Appartement,68,3,,0.516823,45.081183
2023-100735,2024-11-02,1,Vente,442676.73,64,,ALLEE DES CHENES,17300,17300,ROCHEFORT,17,17300000B0933,0,1,Maison,182,8,2184,-0.991379,45.976615
2023-100650,2023-06-09,1,Vente,65221.19,103,,AVENUE THIERS,24430,24016,ANNESSE-ET-BEAULIEU,24,24016000Z0475,1,2,Appartement,42,2,,0.578297,45.098383
2023-100691,2024-04-09,1,Vente,459376.84,20,,RUE GAMBETTA,33000,33063,BORDEAUX,33,33063000D0442,2,1,Maison,138,6,1974,-0.591143,44.816758
2023-100090,2023-04-18,1,Vente,229399.4,108,,PLACE COLBERT,33000,33063,BORDEAUX,33,33063000C0794,0,2,Appartement,41,2,,-0.600894,44.860071
2023-100246,2023-03-21,1,Vente,171079.64,51,,IMPASSE DES VIGNES,17300,17300,ROCHEFORT,17,17300000B0426,0,2,Appartement,74,3,,-0.972716,45.955754
2023-100697,2024-01-18,1,Vente,141487.83,159,,PLACE COLBERT,33000,33063,BORDEAUX,33,33063000E0896,0,2,Appartement,32,1,,-0.553947,44.803515
2023-100414,2023-07-23,1,Vente,166209.58,12,,RUE SAINTE CATHERINE,17300,17300,ROCHEFORT,17,17300000B0244,0,2,Appartement,55,2,,-0.942105,45.939903
2023-100858,2025-05-10,1,Vente,369137.31,178,,COURS DE L ARGONNE,24430,24016,ANNESSE-ET-BEAULIEU,24,24016000A0120,2,1,Maison,203,8,1257,0.513097,45.101499
2023-100692,2023-04-26,1,Vente,364630.95,84,,ALLEE DES CHENES,17300,17300,ROCHEFORT,17,17300000C0140,0,1,Maison,170,6,799,-0.993375,45.963762
2023-100295,2023-08-16,1,Vente,154488.23,138,,RUE DU PALAIS,33000,33063,BORDEAUX,33,33063000Z0167,0,2,Appartement,28,1,,-0.594243,44.844322
2023-100434,2025-04-09,1,Vente,17965.62,118,,AVENUE THIERS,33000,33063,BORDEAUX,33,33063000D0262,2,2,Appartement,43,2,,-0.559299,44.845527
2023-100280,2024-01-12,1,Vente,128837.55,151,,COURS DE L ARGONNE,24430,24016,ANNESSE-ET-BEAULIEU,24,24016000B0325,2,1,Maison,79,3,2100,0.529501,45.120994
2023-100614,2024-01-06,1,Vente,79632.73,57,,PLACE COLBERT,17300,17300,ROCHEFORT,17,17300000D0597,1,2,Appartement,38,2,,-0.928716,45.954954
2023-100097,2024-01-27,1,Vente,333439.83,59,,AVENUE THIERS,24430,24016,ANNESSE-ET-BEAULIEU,24,24016000D0482,1,1,Maison,196,7,1741,0.58289,45.067852
2023-100409,2023-02-08,1,Vente,78159.3,93,,ALLEE DES CHENES,17300,17300,ROCHEFORT,17,17300000A0501,2,2,Appartement,40,2,,-0.981162,45.980531
2023-100209,2025-04-20,1,Vente,245977.25,13,,RUE DU PALAIS,17300,17300,ROCHEFORT,17,17300000D0970,2,2,Appartement,88,3,,-0.939943,45.978095
2023-100899,2024-05-20,2,Vente,274711.32,133,,RUE DU PALAIS,33000,33063,BORDEAUX,33,33063000Z0701,0,2,Appartement,58,2,,-0.607822,44.831939
2023-100620,2024-12-31,2,Vente,571197.82,45,,PLACE COLBERT,33000,33063,BORDEAUX,33,33063000Z0607,0,1,Maison,158,5,2378,-0.570126,44.851284
2023-100527,2025-02-19,1,Vente,53818.33,25,,IMPASSE DES VIGNES,24430,24016,ANNESSE-ET-BEAULIEU,24,24016000A0437,0,2,Appartement,44,1,,0.580257,45.083041
2023-100563,2023-01-04,1,Vente,168997.85,58,,RUE DU PALAIS,17300,17300,ROCHEFORT,17,17300000A0138,1,2,Appartement,79,4,,-1.000219,45.926029
2023-COR-S12,2025-01-11,1,Vente,72287.61,177,,PLACE COLBERT,24430,24016,ANNESSE-ET-BEAULIEU,24,24016000D0650,0,2,Appartement,-12,2,,0.598485,45.124978
2023-100425,2024-10-25,1,Vente,329667.53,15,,RUE SAINTE CATHERINE,33000,33063,BORDEAUX,33,33063000A0667,2,2,Appartement,61,3,,-0.567842,44.842529
2023-100363,2023-05-04,1,Vente,69129.74,65,,RUE SAINTE CATHERINE,33000,33063,BORDEAUX,33,33063000C0945,2,1,Maison,144,5,2308,-0.619556,44.863338
2023-100680,2023-11-09,1,Vente,1780245.3,167,,AVENUE THIERS,24430,24016,ANNESSE-ET-BEAULIEU,24,24016000C0546,0,1,Maison,124,5,230,0.517407,45.11916
2023-100517,2024-12-24,1,Vente,118656.78,45,,IMPASSE DES VIGNES,17300,17300,ROCHEFORT,17,17300000A0832,0,2,Appartement,38,2,,-0.93553,45.91778
2023-100205,2025-04-01,1,Vente,380061.12,95,,ROUTE DE PERIGUEUX,33000,33063,BORDEAUX,33,33063000A0056,0,2,Appartement,80,3,,-0.600004,44.867041
2023-100229,2023-09-09,1,Vente,162967.28,91,,IMPASSE DES VIGNES,24430,24016,ANNESSE-ET-BEAULIEU,24,24016000Z0005,0,2,Appartement,85,3,,0.572394,45.100304
2023-100806,2023-11-20,1,Vente,134639.57,19,,ALLEE DES CHENES,33000,33063,BORDEAUX,33,33063000A0861,0,2,Appartement,29,1,,-0.599648,44.81497
2023-100693,2025-01-04,1,Vente,216464.19,161,,COURS DE L ARGONNE,24430,24016,ANNESSE-ET-BEAULIEU,24,24016000A0624,0,1,Maison,118,5,2139,0.554623,45.064613
2023-100400,2023-02-06,1,Vente,424867.14,119,,RUE DU PALAIS,17300,17300,ROCHEFORT,17,17300000C0720,2,1,Maison,139,6,2047,-0.971277,45.971092
2023-100633,2023-01-30,1,Vente,79627.27,11,,RUE GAMBETTA,24430,24016,ANNESSE-ET-BEAULIEU,24,24016000D0552,0,2,Appartement,51,2,,0.581973,45.108655
2023-COR-V13,2023-06-12,1,Vente,,45,,ROUTE DE PERIGUEUX,33000,33063,BORDEAUX,33,33063000E0172,1,1,Maison,178,7,2281,-0.564536,44.849869
2023-100093,2024-12-19,1,Vente,966751.93,8,,AVENUE THIERS,33000,33063,BORDEAUX,33,33063000C0879,0,1,Maison,192,7,1375,-0.538567,44.81355
2023-100688,2024-08-05,1,Vente,58983.55,86,,ROUTE DE PERIGUEUX,17300,17300,ROCHEFORT,17,17300000Z0949,1,2,Appartement,30,1,,-0.936156,45.951257
2023-100741,2024-07-09,1,Vente,349344.58,168,,ALLEE DES CHENES,24430,24016,ANNESSE-ET-BEAULIEU,24,24016000D0298,0,1,Maison,193,6,538,0.554368,45.057455
2023-100303,2024-07-09,1,Vente,623165.92,168,,AVENUE THIERS,33000,33063,BORDEAUX,33,33063000C0017,1,1,Maison,110,4,1575,-0.618914,44.86173
2023-100069,2024-08-15,1,Vente,277573.56,37,,RUE SAINTE CATHERINE,17300,17300,ROCHEFORT,17,17300000A0518,0,1,Maison,121,5,687,-0.965516,45.962145
2023-100278,2024-11-20,1,Vente,317605.05,17,,PLACE COLBERT,24430,24016,ANNESSE-ET-BEAULIEU,24,24016000B0598,0,1,Maison,182,6,1225,0.550417,45.114902
2023-100439,2025-02-20,1,Vente,265770.22,69,,ALLEE DES CHENES,33000,33063,BORDEAUX,33,33063000Z0832,0,2,Appartement,75,3,,-0.584146,44.849621
2023-100856,2023-03-29,1,Vente,627628.82,145,,IMPASSE DES VIGNES,33000,33063,BORDEAUX,33,33063000Z0026,1,1,Maison,140,5,1444,-0.577169,44.844545
2023-100531,2024-05-26,1,Vente,285230.14,124,,IMPASSE DES VIGNES,33000,33063,BORDEAUX,33,33063000D0266,0,2,Appartement,77,2,,-0.564493,44.843753
2023-100346,2023-08-13,1,Vente,122611.38,71,,RUE GAMBETTA,24430,24016,ANNESSE-ET-BEAULIEU,24,24016000D0258,0,2,Appartement,74,3,,0.56892,45.092245
2023-100050,2024-10-31,1,Vente,336289.94,59,,AVENUE THIERS,33000,33063,BORDEAUX,33,33063000Z0759,0,1,Maison,77,3,622,-0.625316,44.857687
2023-100183,2024-11-23,1,Vente,216864.36,133,,IMPASSE DES VIGNES,33000,33063,BORDEAUX,33,33063000D0573,0,2,Appartement,51,2,,-0.613537,44.86131
2023-100696,2023-10-04,1,Vente,165244.53,119,,RUE SAINTE CATHERINE,24430,24016,ANNESSE-ET-BEAULIEU,24,24016000A0115,0,2,Appartement,77,3,,0.529326,45.062697
2023-100228,2025-04-17,1,Vente,236381.05,165,,ALLEE DES CHENES,24430,24016,ANNESSE-ET-BEAULIEU,24,24016000C0660,0,1,Maison,142,6,1764,0.5957,45.048705
2023-100899,2024-05-20,1,Vente,274711.32,133,,RUE DU PALAIS,33000,33063,BORDEAUX,33,33063000Z0701,0,2,Appartement,58,2,,-0.607822,44.831939
2023-100894,2023-01-04,1,Vente,352039.24,48,,RUE GAMBETTA,33000,33063,BORDEAUX,33,33063000A0043,1,2,Appartement,70,3,,-0.576999,44.821371
2023-100125,2024-07-04,1,Vente,352437.97,49,,COURS DE L ARGONNE,33000,33063,BORDEAUX,33,33063000A0943,1,2,Appartement,67,3,,-0.555515,44.811752
2023-100849,2023-12-13,1,Vente,143981.74,27,,ALLEE DES CHENES,17300,17300,ROCHEFORT,17,17300000D0756,0,2,Appartement,57,3,,-1.008801,45.934461
2023-100074,2023-07-21,1,Vente,221231.65,104,,RUE SAINTE CATHERINE,24430,24016,ANNESSE-ET-BEAULIEU,24,24016000E0573,0,1,Maison,134,5,1063,0.562102,45.067111
2023-100808,2025-02-14,1,Vente,75354.9,132,,ALLEE DES CHENES,24430,24016,ANNESSE-ET-BEAULIEU,24,24016000Z0649,2,2,Appartement,51,2,,0.545743,45.107216
2023-100359,2025-06-15,1,Vente,704892.99,178,,ALLEE DES CHENES,33000,33063,BORDEAUX,33,33063000B0742,1,1,Maison,194,6,650,-0.583458,44.868364
2023-100503,2023-02-27,1,Vente,1090379.69,80,,COURS DE L ARGONNE,33000,33063,BORDEAUX,33,33063000B0636,0,1,Maison,207,10,1235,-0.548946,44.842061
2023-100031,2024-05-25,1,Vente,164314.73,130,,AVENUE THIERS,33000,33063,BORDEAUX,33,33063000D0884,1,2,Appartement,48,2,,-0.61112,44.817298
2023-100779,2024-05-19,1,Vente,768844.44,164,,ROUTE DE PERIGUEUX,33000,33063,BORDEAUX,33,33063000D0393,1,1,Maison,189,7,1279,-0.581072,44.814383
2023-100399,2024-02-29,1,Vente,1173336.41,112,,PLACE COLBERT,33000,33063,BORDEAUX,33,33063000B0547,0,1,Maison,201,10,342,-0.598401,44.842468
2023-100478,2023-03-06,1,Vente,595600.27,56,,RUE SAINTE CATHERINE,33000,33063,BORDEAUX,33,33063000E0950,0,1,Maison,116,6,450,-0.624732,44.841749
2023-100203,2024-10-09,1,Vente,159348.57,125,,RUE DU PALAIS,17300,17300,ROCHEFORT,17,17300000D0532,0,1,Maison,84,3,1152,-0.933429,45.906796
2023-100109,2023-02-22,1,Vente,194362.74,180,,IMPASSE DES VIGNES,17300,17300,ROCHEFORT,17,17300000D0108,2,2,Appartement,89,4,,-0.928097,45.974152
2023-COR-S2,2023-02-26,1,Vente,209476.03,80,,RUE SAINTE CATHERINE,17300,17300,ROCHEFORT,17,17300000Z0313,0,1,Maison,-12,3,2126,-0.95368,45.981027
2023-100189,2023-09-26,1,Vente,385466.19,17,,IMPASSE DES VIGNES,17300,17300,ROCHEFORT,17,17300000D0692,2,1,Maison,130,4,812,-0.976663,45.953399
2023-100640,2024-04-09,1,Vente,151273.3,4,,RUE DU PALAIS,17300,17300,ROCHEFORT,17,17300000B0091,2,2,Appartement,49,2,,-1.005746,45.929645
2023-COR-V8,2024-06-10,1,Vente,,69,,RUE GAMBETTA,33000,33063,BORDEAUX,33,33063000A0727,0,2,Appartement,81,3,,-0.542159,44.812399
2023-100654,2024-11-13,1,Vente,159580.89,83,,RUE SAINTE CATHERINE,17300,17300,ROCHEFORT,17,17300000A0444,1,2,Appartement,70,3,,-0.97191,45.913024
2023-100113,2023-05-29,1,Vente,688817.12,126,,AVENUE THIERS,33000,33063,BORDEAUX,33,33063000C0925,2,1,Maison,153,7,1146,-0.580942,44.854959
2023-100426,2025-04-23,1,Vente,1019242.51,141,,AVENUE THIERS,33000,33063,BORDEAUX,33,33063000Z0539,0,1,Maison,202,9,242,-0.574219,44.828269
2023-100669,2024-08-14,1,Vente,261464.97,76,,IMPASSE DES VIGNES,33000,33063,BORDEAUX,33,33063000B0730,0,2,Appartement,52,2,,-0.627139,44.847671
2023-100767,2024-10-15,1,Vente,1161164.21,42,,AVENUE THIERS,33000,33063,BORDEAUX,33,33063000Z0477,0,1,Maison,197,9,609,-0.616623,44.852175
2023-100624,2023-05-25,1,Vente,462255.02,152,,RUE DU PALAIS,33000,33063,BORDEAUX,33,33063000D0568,1,1,Maison,79,3,1636,-0.626779,44.829467
2023-100289,2023-01-11,1,Vente,242487.72,90,,COURS DE L ARGONNE,33000,33063,BORDEAUX,33,33063000A0714,0,2,Appartement,58,2,,-0.623376,44.872597
2023-100477,2023-05-12,1,Vente,416303.92,133,,COURS DE L ARGONNE,17300,17300,ROCHEFORT,17,17300000E0447,0,1,Maison,135,6,1401,-0.939475,45.966512
2023-100869,2024-11-09,1,Vente,97885.27,17,,AVENUE THIERS,17300,17300,ROCHEFORT,17,17300000A0200,0,2,Appartement,45,2,,-0.935981,45.930473
2023-100815,2024-09-09,1,Vente,96264.26,103,,IMPASSE DES VIGNES,17300,17300,ROCHEFORT,17,17300000B0413,0,2,Appartement,53,2,,-0.949368,45.935739
2023-100608,2025-05-17,1,Vente,144379.79,59,,RUE GAMBETTA,24430,24016,ANNESSE-ET-BEAULIEU,24,24016000D0594,0,2,Appartement,88,3,,0.549369,45.052631
2023-100007,2025-01-24,1,Vente,129887.72,21,,IMPASSE DES VIGNES,17300,17300,ROCHEFORT,17,17300000C0432,0,2,Appartement,56,2,,-0.943692,45.977382
2023-100019,2024-06-27,1,Vente,881932.33,25,,AVENUE THIERS,33000,33063,BORDEAUX,33,33063000E0004,0,1,Maison,186,7,1957,-0.590399,44.84665
2023-COR-S4,2025-04-05,1,Vente,267446.88,137,,ROUTE DE PERIGUEUX,17300,17300,ROCHEFORT,17,17300000C0340,0,1,Maison,-12,4,1520,-0.953878,45.950304
2023-100239,2025-04-02,1,Vente,138561.72,63,,RUE SAINTE CATHERINE,24430,24016,ANNESSE-ET-BEAULIEU,24,24016000A0914,2,1,Maison,101,5,601,0.588441,45.067936
2023-100451,2023-12-30,1,Vente,1213733.37,9,,IMPASSE DES VIGNES,33000,33063,BORDEAUX,33,33063000Z0080,0,1,Maison,200,6,1936,-0.605647,44.871325
2023-100275,2024-09-19,1,Vente,166947.11,6,,COURS DE L ARGONNE,24430,24016,ANNESSE-ET-BEAULIEU,24,24016000D0163,1,2,Appartement,80,3,,0.553397,45.119701
2023-COR-T18,2024-01-01,1,Vente,76023.41,58,,COURS DE L ARGONNE,24430,24016,ANNESSE-ET-BEAULIEU,24,24016000D0234,0,3,Local industriel. commercial ou assimile,40,2,,0.530469,45.100478
2023-100788,2024-05-25,1,Vente,78758.56,146,,IMPASSE DES VIGNES,17300,17300,ROCHEFORT,17,17300000B0927,1,2,Appartement,43,2,,-0.953849,45.956368
2023-100453,2024-03-06,2,Vente,487179.02,157,,PLACE COLBERT,33000,33063,BORDEAUX,33,33063000Z0585,2,2,Appartement,91,3,,-0.562867,44.835945
2023-100496,2024-02-02,1,Vente,86055.28,15,,ROUTE DE PERIGUEUX,17300,17300,ROCHEFORT,17,17300000D0875,2,2,Appartement,32,1,,-0.935536,45.969544
2023-COR-V0,2023-08-29,1,Vente,,38,,COURS DE L ARGONNE,17300,17300,ROCHEFORT,17,17300000A0984,2,1,Maison,129,4,387,-0.977639,45.906526
2023-100860,2024-09-13,1,Vente,691000.78,92,,RUE GAMBETTA,33000,33063,BORDEAUX,33,33063000C0915,0,1,Maison,139,6,1351,-0.610273,44.837511
2023-100170,2025-05-24,1,Vente,721923.73,19,,RUE GAMBETTA,33000,33063,BORDEAUX,33,33063000E0438,0,1,Maison,165,8,1540,-0.531718,44.846622
2023-100273,2024-07-29,1,Vente,102998.05,158,,IMPASSE DES VIGNES,17300,17300,ROCHEFORT,17,17300000D0897,1,2,Appartement,36,1,,-0.961868,45.96625
2023-100361,2024-02-27,1,Vente,107903.45,81,,PLACE COLBERT,17300,17300,ROCHEFORT,17,17300000D0652,1,2,Appartement,50,2,,-0.973504,45.941294
2023-100099,2023-08-04,1,Vente,877515.6,125,,PLACE COLBERT,33000,33063,BORDEAUX,33,33063000E0636,0,1,Maison,155,5,431,-0.533625,44.850833
2023-COR-T16,2025-01-14,1,Vente,71406.5,90,,RUE SAINTE CATHERINE,24430,24016,ANNESSE-ET-BEAULIEU,24,24016000A0496,0,4,Local industriel. commercial ou assimile,42,2,,0.542088,45.122721
2023-100470,2025-01-21,1,Vente,448632.21,125,,RUE DU PALAIS,17300,17300,ROCHEFORT,17,17300000Z0719,1,1,Maison,209,8,1585,-0.924854,45.942217
2023-100080,2024-02-12,1,Vente,747066.23,116,,RUE SAINTE CATHERINE,33000,33063,BORDEAUX,33,33063000B0431,0,1,Maison,187,6,1094,-0.562972,44.860302
2023-100492,2024-02-14,1,Vente,254193.15,53,,ROUTE DE PERIGUEUX,24430,24016,ANNESSE-ET-BEAULIEU,24,24016000D0148,0,1,Maison,210,7,2194,0.606314,45.121793
2023-100646,2023-04-22,1,Vente,233480.43,180,,RUE GAMBETTA,17300,17300,ROCHEFORT,17,17300000E0200,0,1,Maison,103,4,1624,-0.975806,45.90558
2023-100747,2025-03-12,1,Vente,120848.05,2,,IMPASSE DES VIGNES,17300,17300,ROCHEFORT,17,17300000B0909,2,2,Appartement,70,3,,-0.983157,45.957073
2023-100428,2023-08-08,1,Vente,118604.58,118,,RUE GAMBETTA,24430,24016,ANNESSE-ET-BEAULIEU,24,24016000E0639,1,1,Maison,78,3,2188,0.509856,45.113772
2023-100827,2024-09-15,1,Vente,486752.97,61,,ROUTE DE PERIGUEUX,33000,33063,BORDEAUX,33,33063000E0721,1,2,Appartement,90,3,,-0.578808,44.867612
2023-100635,2025-04-15,1,Vente,233440.61,70,,ALLEE DES CHENES,33000,33063,BORDEAUX,33,33063000E0720,0,2,Appartement,39,1,,-0.537452,44.823554
2023-100522,2023-11-16,1,Vente,195889.76,159,,ALLEE DES CHENES,33000,33063,BORDEAUX,33,33063000B0297,1,2,Appartement,57,2,,-0.564553,44.875661
2023-100661,2025-06-14,1,Vente,153725.31,38,,RUE DU PALAIS,17300,17300,ROCHEFORT,17,17300000B0946,0,2,Appartement,49,2,,-0.922031,45.97075
2023-100678,2023-03-12,1,Vente,781789.8,11,,ROUTE DE PERIGUEUX,24430,24016,ANNESSE-ET-BEAULIEU,24,24016000C0515,0,2,Appartement,65,2,,0.515794,45.089354
2023-100552,2023-08-08,1,Vente,148559.55,10,,COURS DE L ARGONNE,33000,33063,BORDEAUX,33,33063000A0142,2,2,Appartement,43,2,,-0.584751,44.8049
2023-100105,2023-05-26,1,Vente,1093683.9,11,,IMPASSE DES VIGNES,33000,33063,BORDEAUX,33,33063000Z0937,1,1,Maison,200,7,1547,-0.535722,44.866021
2023-100111,2023-11-09,1,Vente,572245.72,60,,PLACE COLBERT,33000,33063,BORDEAUX,33,33063000E0993,0,1,Maison,148,6,974,-0.596927,44.876581
2023-100740,2024-06-17,1,Vente,203292.71,25,,RUE GAMBETTA,33000,33063,BORDEAUX,33,33063000D0003,0,2,Appartement,57,2,,-0.602946,44.835877
2023-100284,2023-07-23,1,Vente,696060.43,84,,AVENUE THIERS,33000,33063,BORDEAUX,33,33063000C0887,0,1,Maison,178,7,1579,-0.537894,44.869941
2023-100248,2024-05-12,1,Vente,78587.82,104,,ROUTE DE PERIGUEUX,24430,24016,ANNESSE-ET-BEAULIEU,24,24016000D0998,1,2,Appartement,54,2,,0.58476,45.106259
2023-100576,2024-03-18,1,Vente,142593.3,119,,AVENUE THIERS,24430,24016,ANNESSE-ET-BEAULIEU,24,24016000Z0234,2,2,Appartement,78,3,,0.557576,45.069046
2023-100528,2023-09-25,1,Vente,277481.74,42,,RUE SAINTE CATHERINE,33000,33063,BORDEAUX,33,33063000A0432,0,2,Appartement,46,2,,-0.612313,44.858657
2023-100279,2023-11-26,1,Vente,535718.23,168,,ALLEE DES CHENES,33000,33063,BORDEAUX,33,33063000E0124,0,2,Appartement,93,4,,-0.57095,44.863098
2023-100515,2023-03-11,1,Vente,207574.12,46,,ROUTE DE PERIGUEUX,24430,24016,ANNESSE-ET-BEAULIEU,24,24016000D0469,0,1,Maison,114,4,1184,0.572725,45.079372
2023-100541,2024-05-23,1,Vente,477762.4,164,,COURS DE L ARGONNE,17300,17300,ROCHEFORT,17,17300000Z0757,0,1,Maison,197,7,328,-1.012108,45.975926
2023-100591,2024-09-17,1,Vente,2206162.2,89,,IMPASSE DES VIGNES,33000,33063,BORDEAUX,33,33063000D0933,2,2,Appartement,50,2,,-0.615317,44.840444
2023-100471,2024-12-12,1,Vente,518476.36,12,,ALLEE DES CHENES,33000,33063,BORDEAUX,33,33063000A0504,0,2,Appartement,85,3,,-0.542306,44.862062
2023-100560,2024-11-15,1,Vente,494939.09,115,,AVENUE THIERS,17300,17300,ROCHEFORT,17,17300000E0316,0,1,Maison,158,5,2124,-0.968962,45.901765
2023-100637,2025-05-08,1,Vente,167809.39,142,,ROUTE DE PERIGUEUX,24430,24016,ANNESSE-ET-BEAULIEU,24,24016000A0239,0,1,Maison,92,4,1173,0.553089,45.125031
2023-100509,2024-10-15,1,Vente,322100.42,150,,ROUTE DE PERIGUEUX,24430,24016,ANNESSE-ET-BEAULIEU,24,24016000Z0101,0,1,Maison,190,6,2385,0.603775,45.092456
2023-100106,2024-06-17,1,Vente,88306.67,2,,AVENUE THIERS,17300,17300,ROCHEFORT,17,17300000C0298,0,2,Appartement,35,1,,-0.920563,45.969234
2023-100371,2023-12-04,1,Vente,50100.55,11,,PLACE COLBERT,33000,33063,BORDEAUX,33,33063000E0380,2,2,Appartement,90,4,,-0.534925,44.815867
2023-100870,2023-02-15,1,Vente,514516.68,120,,AVENUE THIERS,33000,33063,BORDEAUX,33,33063000C0131,0,1,Maison,130,6,431,-0.61508,44.852499
2023-100334,2023-03-26,1,Vente,11474.71,144,,RUE DU PALAIS,17300,17300,ROCHEFORT,17,17300000C0126,1,1,Maison,74,3,1644,-0.932049,45.919409
2023-100489,2024-11-22,1,Vente,353784.69,29,,ALLEE DES CHENES,17300,17300,ROCHEFORT,17,17300000E0202,0,1,Maison,174,7,1294,-0.987185,45.9047
2023-100433,2023-08-07,1,Vente,182672.63,17,,ROUTE DE PERIGUEUX,17300,17300,ROCHEFORT,17,17300000A0406,1,2,Appartement,88,3,,-0.953181,45.904568
2023-100237,2025-04-06,1,Vente,192608.38,180,,RUE GAMBETTA,17300,17300,ROCHEFORT,17,17300000E0591,0,2,Appartement,69,3,,-0.963086,45.924686
2023-100847,2025-05-11,1,Vente,161454.66,87,,RUE GAMBETTA,24430,24016,ANNESSE-ET-BEAULIEU,24,24016000Z0959,1,1,Maison,94,4,1971,0.544724,45.115547
2023-100240,2024-04-22,1,Vente,85214.76,74,,RUE SAINTE CATHERINE,24430,24016,ANNESSE-ET-BEAULIEU,24,24016000A0230,1,2,Appartement,59,2,,0.583877,45.086064
2023-100260,2023-06-23,1,Vente,769901.14,69,,IMPASSE DES VIGNES,33000,33063,BORDEAUX,33,33063000Z0443,0,1,Maison,174,7,1585,-0.536124,44.813757
2023-100218,2024-10-17,1,Vente,610939.45,151,,COURS DE L ARGONNE,33000,33063,BORDEAUX,33,33063000E0500,0,1,Maison,159,6,620,-0.529582,44.860049
2023-100599,2023-03-27,1,Vente,959515.58,155,,ALLEE DES CHENES,33000,33063,BORDEAUX,33,33063000A0609,2,1,Maison,194,9,1750,-0.582595,44.799245
2023-100874,2023-07-22,1,Vente,484771.09,90,,AVENUE THIERS,33000,33063,BORDEAUX,33,33063000A0978,0,1,Maison,120,5,857,-0.588856,44.803887
2023-100011,2023-02-18,1,Vente,96687.32,130,,ROUTE DE PERIGUEUX,24430,24016,ANNESSE-ET-BEAULIEU,24,24016000Z0125,2,2,Appartement,79,4,,0.575699,45.060742
2023-100123,2024-01-17,1,Vente,56769.02,130,,RUE GAMBETTA,17300,17300,ROCHEFORT,17,17300000A0529,0,2,Appartement,33,2,,-0.987922,45.966377
2023-100092,2023-06-18,1,Vente,93622.33,63,,RUE GAMBETTA,24430,24016,ANNESSE-ET-BEAULIEU,24,24016000A0062,2,2,Appartement,61,2,,0.533196,45.053395
2023-100714,2023-12-10,2,Vente,303890.13,180,,AVENUE THIERS,33000,33063,BORDEAUX,33,33063000C0433,2,2,Appartement,52,2,,-0.622775,44.828776
2023-100173,2024-02-16,1,Vente,185880.33,9,,PLACE COLBERT,24430,24016,ANNESSE-ET-BEAULIEU,24,24016000Z0119,1,2,Appartement,89,3,,0.575241,45.049961
2023-100706,2024-09-19,1,Vente,250378.77,167,,IMPASSE DES VIGNES,17300,17300,ROCHEFORT,17,17300000E0583,1,1,Maison,97,3,2304,-0.985763,45.926405
2023-100087,2023-01-07,1,Vente,115300.65,49,,COURS DE L ARGONNE,17300,17300,ROCHEFORT,17,17300000A0914,1,2,Appartement,49,2,,-0.989273,45.974932
2023-100056,2023-01-10,1,Vente,342493.12,173,,ALLEE DES CHENES,24430,24016,ANNESSE-ET-BEAULIEU,24,24016000E0446,0,1,Maison,195,7,563,0.537695,45.070905
2023-100351,2024-04-11,1,Vente,149394.77,64,,COURS DE L ARGONNE,24430,24016,ANNESSE-ET-BEAULIEU,24,24016000C0171,0,1,Maison,94,4,2056,0.524516,45.091033
2023-COR-T22,2023-03-26,1,Vente,314313.22,93,,IMPASSE DES VIGNES,33000,33063,BORDEAUX,33,33063000A0082,0,4,Local industriel. commercial ou assimile,85,4,,-0.533735,44.847483
2023-100055,2024-09-29,1,Vente,224135.91,10,,RUE DU PALAIS,17300,17300,ROCHEFORT,17,17300000Z0532,0,2,Appartement,88,3,,-1.008021,45.936426
2023-100317,2024-09-27,1,Vente,467239.39,115,,COURS DE L ARGONNE,17300,17300,ROCHEFORT,17,17300000D0900,0,1,Maison,195,9,2023,-0.915153,45.912334
2023-100812,2024-11-26,1,Vente,165262.57,23,,RUE DU PALAIS,24430,24016,ANNESSE-ET-BEAULIEU,24,24016000B0771,0,2,Appartement,90,3,,0.514231,45.088899
2023-100606,2023-09-29,1,Vente,125661.31,61,,PLACE COLBERT,24430,24016,ANNESSE-ET-BEAULIEU,24,24016000C0823,0,2,Appartement,95,3,,0.531154,45.118273
2023-100643,2024-10-02,1,Vente,645653.57,116,,RUE GAMBETTA,33000,33063,BORDEAUX,33,33063000A0663,2,1,Maison,108,5,608,-0.556,44.812705
2023-COR-V17,2024-01-12,1,Vente,,151,,COURS DE L ARGONNE,24430,24016,ANNESSE-ET-BEAULIEU,24,24016000B0325,2,1,Maison,79,3,2100,0.529501,45.120994
2023-100617,2024-06-01,1,Vente,269910.69,171,,RUE SAINTE CATHERINE,17300,17300,ROCHEFORT,17,17300000C0126,0,2,Appartement,89,4,,-0.997637,45.902785
2023-COR-T8,2023-12-27,1,Vente,767964.05,158,,RUE DU PALAIS,33000,33063,BORDEAUX,33,33063000C0096,2,3,Local industriel. commercial ou assimile,166,7,887,-0.549282,44.85455
2023-100526,2024-08-27,1,Vente,127157.85,56,,COURS DE L ARGONNE,24430,24016,ANNESSE-ET-BEAULIEU,24,24016000C0423,1,2,Appartement,60,2,,0.581564,45.066943
2023-100294,2023-03-26,1,Vente,314313.22,93,,IMPASSE DES VIGNES,33000,33063,BORDEAUX,33,33063000A0082,0,2,Appartement,85,4,,-0.533735,44.847483
2023-100048,2024-05-20,1,Vente,376250.39,37,,RUE DU PALAIS,17300,17300,ROCHEFORT,17,17300000B0379,0,1,Maison,172,8,2376,-0.972026,45.94752
2023-100750,2024-07-16,1,Vente,50451.77,6,,ROUTE DE PERIGUEUX,24430,24016,ANNESSE-ET-BEAULIEU,24,24016000A0732,1,2,Appartement,33,1,,0.581067,45.084529
2023-100700,2024-06-29,1,Vente,240342.38,165,,ALLEE DES CHENES,24430,24016,ANNESSE-ET-BEAULIEU,24,24016000C0609,1,1,Maison,122,5,385,0.562743,45.110039
2023-100341,2023-02-13,1,Vente,337159.76,125,,COURS DE L ARGONNE,24430,24016,ANNESSE-ET-BEAULIEU,24,24016000A0368,0,1,Maison,186,8,263,0.509325,45.104365
2023-COR-S0,2025-04-12,1,Vente,218864.5,139,,COURS DE L ARGONNE,17300,17300,ROCHEFORT,17,17300000A0836,1,2,Appartement,0,3,,-0.955183,45.960405
2023-100329,2025-02-12,1,Vente,409232.33,127,,PLACE COLBERT,24430,24016,ANNESSE-ET-BEAULIEU,24,24016000A0522,2,1,Maison,200,10,1987,0.572295,45.048146
2023-COR-S21,2025-02-01,1,Vente,231487.8,111,,ROUTE DE PERIGUEUX,17300,17300,ROCHEFORT,17,17300000B0699,0,1,Maison,-12,5,1961,-1.009216,45.902359
2023-COR-T7,2024-10-22,1,Vente,297726.12,119,,RUE GAMBETTA,17300,17300,ROCHEFORT,17,17300000C0543,0,4,Dependance,99,4,1457,-0.997339,45.966292
2023-100126,2025-03-09,1,Vente,776956.07,111,,IMPASSE DES VIGNES,33000,33063,BORDEAUX,33,33063000D0607,2,1,Maison,127,4,1068,-0.582679,44.84927
2023-100456,2023-11-05,1,Vente,150089.69,25,,PLACE COLBERT,24430,24016,ANNESSE-ET-BEAULIEU,24,24016000B0792,1,2,Appartement,80,4,,0.540495,45.087601
2023-COR-XL6,2025-06-01,1,Vente,294939.7,156,,ROUTE DE PERIGUEUX,17300,17300,ROCHEFORT,17,17300000D0708,0,1,Maison,6770,6,2000,-0.927062,45.903217
2023-100578,2024-07-19,1,Vente,220087.27,83,,RUE SAINTE CATHERINE,17300,17300,ROCHEFORT,17,17300000Z0796,1,1,Maison,73,3,1452,-0.975074,45.955016
2023-100187,2025-05-21,1,Vente,198629.52,104,,IMPASSE DES VIGNES,33000,33063,BORDEAUX,33,33063000A0229,1,2,Appartement,39,2,,-0.555244,44.868015
2023-100082,2024-06-19,1,Vente,61952.85,119,,RUE SAINTE CATHERINE,24430,24016,ANNESSE-ET-BEAULIEU,24,24016000B0356,0,2,Appartement,46,2,,0.60075,45.110204
2023-100867,2023-06-12,1,Vente,266369.37,93,,PLACE COLBERT,24430,24016,ANNESSE-ET-BEAULIEU,24,24016000Z0518,0,1,Maison,135,5,820,0.524866,45.066003
2023-100446,2025-02-25,1,Vente,423192.4,70,,RUE GAMBETTA,33000,33063,BORDEAUX,33,33063000Z0612,0,2,Appartement,71,3,,-0.561909,44.857776
2023-100062,2023-08-20,1,Vente,288665.3,153,,RUE SAINTE CATHERINE,33000,33063,BORDEAUX,33,33063000B0912,0,2,Appartement,83,3,,-0.626468,44.833213
2023-100049,2024-10-30,1,Vente,217316.84,175,,AVENUE THIERS,17300,17300,ROCHEFORT,17,17300000C0932,0,2,Appartement,76,3,,-0.923821,45.941378
2023-100565,2024-06-27,1,Vente,502133.56,110,,PLACE COLBERT,17300,17300,ROCHEFORT,17,17300000A0761,0,1,Maison,190,6,626,-0.927123,45.915744
2023-100837,2025-02-22,1,Vente,264720.2,8,,IMPASSE DES VIGNES,17300,17300,ROCHEFORT,17,17300000D0127,0,2,Appartement,87,3,,-0.944002,45.967797
2023-100017,2023-08-05,1,Vente,115721.95,72,,RUE SAINTE CATHERINE,33000,33063,BORDEAUX,33,33063000B0927,0,2,Appartement,31,1,,-0.624025,44.876039
2023-COR-V16,2023-08-06,1,Vente,,149,,RUE SAINTE CATHERINE,24430,24016,ANNESSE-ET-BEAULIEU,24,24016000D0294,2,1,Maison,174,6,1649,0.527796,45.049056
2023-100330,2024-11-08,1,Vente,138973.81,169,,COURS DE L ARGONNE,33000,33063,BORDEAUX,33,33063000Z0982,0,2,Appartement,35,1,,-0.583369,44.823838
2023-100442,2023-05-03,1,Vente,15822.38,53,,ROUTE DE PERIGUEUX,17300,17300,ROCHEFORT,17,17300000Z0027,0,1,Maison,104,4,1681,-0.946566,45.966201
2023-100258,2023-02-11,1,Vente,862722.27,36,,RUE SAINTE CATHERINE,33000,33063,BORDEAUX,33,33063000E0930,1,1,Maison,210,10,1042,-0.628272,44.804606
2023-100714,2023-12-10,1,Vente,303890.13,180,,AVENUE THIERS,33000,33063,BORDEAUX,33,33063000C0433,2,2,Appartement,52,2,,-0.622775,44.828776
2023-COR-S7,2023-01-07,1,Vente,115300.65,49,,COURS DE L ARGONNE,17300,17300,ROCHEFORT,17,17300000A0914,1,2,Appartement,,2,,-0.989273,45.974932
2023-100259,2023-12-27,1,Vente,505777.88,119,,RUE SAINTE CATHERINE,33000,33063,BORDEAUX,33,33063000Z0827,0,1,Maison,140,7,2293,-0.536852,44.877707
2023-100169,2024-08-05,1,Vente,107938.81,156,,RUE DU PALAIS,24430,24016,ANNESSE-ET-BEAULIEU,24,24016000D0385,0,2,Appartement,64,2,,0.574049,45.048771
2023-100724,2023-11-20,1,Vente,328274.37,8,,ROUTE DE PERIGUEUX,17300,17300,ROCHEFORT,17,17300000C0313,0,1,Maison,116,5,2257,-0.937149,45.937714
2023-100365,2025-05-15,1,Vente,356944.59,71,,IMPASSE DES VIGNES,33000,33063,BORDEAUX,33,33063000D0988,0,1,Maison,105,4,425,-0.564186,44.837085
2023-100378,2023-11-05,1,Vente,346416.24,179,,RUE GAMBETTA,33000,33063,BORDEAUX,33,33063000D0700,0,2,Appartement,59,3,,-0.611432,44.822096
2023-100749,2023-07-15,1,Vente,149260.41,66,,COURS DE L ARGONNE,17300,17300,ROCHEFORT,17,17300000A0091,2,2,Appartement,72,3,,-0.969036,45.939986
2023-100008,2023-10-09,1,Vente,110414.51,132,,COURS DE L ARGONNE,24430,24016,ANNESSE-ET-BEAULIEU,24,24016000D0638,0,2,Appartement,55,2,,0.57498,45.065566
2023-100084,2023-08-03,1,Vente,366317.37,75,,RUE GAMBETTA,33000,33063,BORDEAUX,33,33063000B0947,0,2,Appartement,93,3,,-0.627667,44.866231
2023-100467,2023-09-07,1,Vente,616567.27,23,,COURS DE L ARGONNE,33000,33063,BORDEAUX,33,33063000C0655,0,1,Maison,157,7,2357,-0.602424,44.861029
2023-100067,2024-01-30,1,Vente,292429.21,170,,ROUTE DE PERIGUEUX,33000,33063,BORDEAUX,33,33063000B0229,0,2,Appartement,70,3,,-0.609503,44.834487
2023-100759,2024-09-15,1,Vente,236349.22,167,,IMPASSE DES VIGNES,33000,33063,BORDEAUX,33,33063000E0338,2,2,Appartement,53,2,,-0.543499,44.813642
2023-100554,2024-02-05,1,Vente,175889.76,59,,PLACE COLBERT,17300,17300,ROCHEFORT,17,17300000C0716,2,2,Appartement,64,2,,-0.944082,45.939332
2023-100634,2023-07-21,1,Vente,160935.63,177,,RUE GAMBETTA,24430,24016,ANNESSE-ET-BEAULIEU,24,24016000B0314,0,1,Maison,112,4,1852,0.586346,45.125908
2023-100546,2023-11-28,1,Vente,211333.93,164,,ALLEE DES CHENES,17300,17300,ROCHEFORT,17,17300000C0011,0,2,Appartement,73,3,,-0.920699,45.970737
2023-100868,2023-06-20,1,Vente,486020.38,164,,COURS DE L ARGONNE,17300,17300,ROCHEFORT,17,17300000D0159,1,1,Maison,169,5,1709,-0.921871,45.90167
2023-100719,2023-04-20,1,Vente,170526.18,30,,AVENUE THIERS,17300,17300,ROCHEFORT,17,17300000E0131,0,2,Appartement,60,3,,-0.975216,45.931858
2023-100204,2025-04-12,1,Vente,218864.5,139,,COURS DE L ARGONNE,17300,17300,ROCHEFORT,17,17300000A0836,1,2,Appartement,84,3,,-0.955183,45.960405
2023-100274,2023-06-12,1,Vente,626020.19,45,,ROUTE DE PERIGUEUX,33000,33063,BORDEAUX,33,33063000E0172,1,1,Maison,178,7,2281,-0.564536,44.849869
2023-100817,2023-04-14,1,Vente,375586.0,180,,RUE SAINTE CATHERINE,33000,33063,BORDEAUX,33,33063000B0937,2,1,Maison,76,3,1245,-0.612073,44.823041
2023-100524,2025-05-10,1,Vente,205003.35,32,,RUE DU PALAIS,33000,33063,BORDEAUX,33,33063000E0618,0,2,Appartement,37,1,,-0.529576,44.862471
2023-100018,2024-06-27,1,Vente,296109.47,165,,IMPASSE DES VIGNES,17300,17300,ROCHEFORT,17,17300000Z0144,0,1,Maison,123,5,1555,-0.952327,45.9215
2023-100405,2023-06-03,1,Vente,118708.86,86,,IMPASSE DES VIGNES,24430,24016,ANNESSE-ET-BEAULIEU,24,24016000A0404,0,2,Appartement,54,3,,0.60455,45.111932
2023-100657,2023-10-31,1,Vente,318891.97,34,,RUE SAINTE CATHERINE,17300,17300,ROCHEFORT,17,17300000C0520,0,1,Maison,109,4,1080,-1.007129,45.926294
2023-COR-T25,2023-09-17,1,Vente,265378.89,150,,PLACE COLBERT,24430,24016,ANNESSE-ET-BEAULIEU,24,24016000Z0313,1,3,Local industriel. commercial ou assimile,151,5,123,0.588667,45.082379
2023-100818,2023-03-22,1,Vente,408402.07,6,,ROUTE DE PERIGUEUX,33000,33063,BORDEAUX,33,33063000C0123,0,1,Maison,115,5,643,-0.599013,44.85892
2023-100357,2024-09-01,1,Vente,122661.35,110,,PLACE COLBERT,24430,24016,ANNESSE-ET-BEAULIEU,24,24016000Z0183,0,2,Appartement,91,4,,0.569836,45.094019
2023-100584,2023-01-25,1,Vente,248016.12,16,,IMPASSE DES VIGNES,17300,17300,ROCHEFORT,17,17300000Z0095,1,1,Maison,98,3,1035,-0.947572,45.916056
2023-100675,2023-10-26,1,Vente,233284.7,105,,IMPASSE DES VIGNES,17300,17300,ROCHEFORT,17,17300000A0910,0,1,Maison,86,4,1205,-0.9207,45.934047
2023-100098,2023-03-17,1,Vente,126001.09,132,,COURS DE L ARGONNE,24430,24016,ANNESSE-ET-BEAULIEU,24,24016000Z0536,1,2,Appartement,58,3,,0.564405,45.047689
2023-100443,2025-05-27,1,Vente,956844.27,95,,RUE SAINTE CATHERINE,33000,33063,BORDEAUX,33,33063000Z0970,1,1,Maison,201,10,331,-0.539368,44.868722
2023-100028,2023-04-24,1,Vente,22495.18,177,,COURS DE L ARGONNE,17300,17300,ROCHEFORT,17,17300000A0575,2,1,Maison,166,6,181,-0.991387,45.920294
2023-100207,2023-08-31,1,Vente,127086.95,163,,RUE DU PALAIS,33000,33063,BORDEAUX,33,33063000C0135,0,2,Appartement,28,1,,-0.591935,44.8563
2023-100100,2023-04-05,1,Vente,135076.6,76,,RUE DU PALAIS,24430,24016,ANNESSE-ET-BEAULIEU,24,24016000D0710,2,2,Appartement,74,3,,0.555523,45.111981
2023-100694,2025-01-17,1,Vente,225633.02,109,,AVENUE THIERS,24430,24016,ANNESSE-ET-BEAULIEU,24,24016000A0838,0,1,Maison,172,6,1948,0.60584,45.084266
2023-100839,2023-01-01,1,Vente,470252.89,148,,RUE GAMBETTA,17300,17300,ROCHEFORT,17,17300000A0723,2,1,Maison,165,7,228,-0.958415,45.917706
2023-100605,2023-06-10,1,Vente,101005.9,82,,IMPASSE DES VIGNES,17300,17300,ROCHEFORT,17,17300000Z0908,2,2,Appartement,39,1,,-0.973977,45.919315
2023-100757,2024-05-07,1,Vente,116536.01,146,,ROUTE DE PERIGUEUX,17300,17300,ROCHEFORT,17,17300000C0642,0,2,Appartement,46,1,,-0.955107,45.904229
2023-100793,2023-07-26,1,Vente,225123.59,140,,COURS DE L ARGONNE,33000,33063,BORDEAUX,33,33063000D0425,0,2,Appartement,44,1,,-0.565584,44.844842
2023-100665,2024-01-15,1,Vente,169466.57,17,,COURS DE L ARGONNE,33000,33063,BORDEAUX,33,33063000A0562,0,2,Appartement,49,2,,-0.609295,44.876301
2023-100255,2023-12-08,1,Vente,492964.94,150,,RUE DU PALAIS,33000,33063,BORDEAUX,33,33063000Z0132,0,2,Appartement,95,3,,-0.553184,44.872789
2023-100780,2023-10-09,1,Vente,125188.3,130,,RUE DU PALAIS,17300,17300,ROCHEFORT,17,17300000B0926,0,2,Appartement,58,2,,-1.000211,45.960799
2023-100516,2023-07-02,1,Vente,80169.94,92,,AVENUE THIERS,24430,24016,ANNESSE-ET-BEAULIEU,24,24016000E0726,0,2,Appartement,47,2,,0.542528,45.050355
2023-100151,2024-01-24,1,Vente,132725.35,143,,ALLEE DES CHENES,17300,17300,ROCHEFORT,17,17300000C0146,1,2,Appartement,43,1,,-0.927258,45.93484
2023-100622,2025-05-21,1,Vente,403916.68,133,,COURS DE L ARGONNE,17300,17300,ROCHEFORT,17,17300000C0924,2,1,Maison,138,6,1718,-0.968593,45.910086
2023-100058,2023-08-18,2,Vente,100674.3,43,,AVENUE THIERS,24430,24016,ANNESSE-ET-BEAULIEU,24,24016000B0081,0,2,Appartement,58,3,,0.578519,45.059228
2023-100051,2023-06-15,1,Vente,158997.47,175,,AVENUE THIERS,24430,24016,ANNESSE-ET-BEAULIEU,24,24016000E0737,0,2,Appartement,86,3,,0.603033,45.109088
2023-100296,2023-01-31,1,Vente,66041.03,111,,RUE DU PALAIS,24430,24016,ANNESSE-ET-BEAULIEU,24,24016000A0030,0,2,Appartement,34,1,,0.517958,45.051955
2023-100396,2025-04-12,1,Vente,409306.27,170,,RUE DU PALAIS,17300,17300,ROCHEFORT,17,17300000D0007,0,1,Maison,177,7,1756,-0.98077,45.965338
2023-100186,2025-02-11,1,Vente,202986.25,62,,AVENUE THIERS,17300,17300,ROCHEFORT,17,17300000C0837,2,2,Appartement,88,3,,-0.991911,45.979544
2023-100760,2025-03-22,1,Vente,119754.52,138,,PLACE COLBERT,17300,17300,ROCHEFORT,17,17300000D0339,2,2,Appartement,49,2,,-0.977725,45.955712
2023-100618,2024-10-22,1,Vente,297726.12,119,,RUE GAMBETTA,17300,17300,ROCHEFORT,17,17300000C0543,0,1,Maison,99,4,1457,-0.997339,45.966292
2023-100876,2023-06-12,1,Vente,407183.59,180,,IMPASSE DES VIGNES,33000,33063,BORDEAUX,33,33063000Z0992,1,1,Maison,90,4,979,-0.551127,44.828673
2023-100344,2023-12-29,1,Vente,136811.71,70,,IMPASSE DES VIGNES,24430,24016,ANNESSE-ET-BEAULIEU,24,24016000B0152,2,2,Appartement,68,2,,0.584005,45.067515
2023-100411,2025-05-19,1,Vente,286661.8,47,,RUE SAINTE CATHERINE,24430,24016,ANNESSE-ET-BEAULIEU,24,24016000C0472,0,1,Maison,180,9,1345,0.528736,45.085888
2023-100119,2023-09-26,1,Vente,653402.35,138,,IMPASSE DES VIGNES,33000,33063,BORDEAUX,33,33063000D0191,0,1,Maison,197,9,1745,-0.583261,44.838782
2023-100315,2023-12-17,1,Vente,106723.45,141,,RUE GAMBETTA,24430,24016,ANNESSE-ET-BEAULIEU,24,24016000A0945,0,2,Appartement,64,3,,0.54841,45.055548
2023-100472,2023-05-02,1,Vente,517119.45,130,,RUE GAMBETTA,33000,33063,BORDEAUX,33,33063000D0779,0,2,Appartement,87,3,,-0.59388,44.829884
2023-100250,2024-09-09,1,Vente,83772.37,30,,PLACE COLBERT,17300,17300,ROCHEFORT,17,17300000E0524,1,2,Appartement,38,2,,-0.930013,45.97493
2023-100158,2023-02-19,1,Vente,77649.02,53,,ROUTE DE PERIGUEUX,24430,24016,ANNESSE-ET-BEAULIEU,24,24016000A0432,0,2,Appartement,54,2,,0.553613,45.08497
2023-COR-D3,,1,Vente,117982.4,65,,RUE DU PALAIS,17300,17300,ROCHEFORT,17,17300000E0598,0,2,Appartement,68,2,,-0.958735,45.946568
2023-100551,2024-04-25,1,Vente,195169.62,50,,ROUTE DE PERIGUEUX,17300,17300,ROCHEFORT,17,17300000D0646,2,2,Appartement,65,2,,-0.986149,45.973837
2023-100619,2024-08-03,1,Vente,135297.5,109,,COURS DE L ARGONNE,24430,24016,ANNESSE-ET-BEAULIEU,24,24016000D0125,0,2,Appartement,85,4,,0.558412,45.100603
2023-100480,2023-12-27,1,Vente,117440.08,123,,PLACE COLBERT,24430,24016,ANNESSE-ET-BEAULIEU,24,24016000Z0672,0,2,Appartement,65,2,,0.549756,45.065908
2023-100875,2023-07-11,1,Vente,87359.08,2,,COURS DE L ARGONNE,17300,17300,ROCHEFORT,17,17300000E0084,1,2,Appartement,47,2,,-0.954485,45.907187
2023-100616,2025-06-19,1,Vente,233887.34,128,,IMPASSE DES VIGNES,33000,33063,BORDEAUX,33,33063000B0494,1,2,Appartement,50,2,,-0.561485,44.809647
2023-100727,2024-07-25,1,Vente,484342.19,88,,RUE SAINTE CATHERINE,33000,33063,BORDEAUX,33,33063000Z0741,1,1,Maison,96,4,1473,-0.590577,44.823165
2023-COR-T6,2024-02-02,1,Vente,514964.14,130,,ALLEE DES CHENES,33000,33063,BORDEAUX,33,33063000E0848,2,4,Local industriel. commercial ou assimile,108,5,1349,-0.576804,44.868097
2023-100483,2025-03-13,1,Vente,590397.37,22,,ALLEE DES CHENES,33000,33063,BORDEAUX,33,33063000C0448,1,1,Maison,131,6,1368,-0.532648,44.814027
2023-100588,2023-11-18,1,Vente,1068680.45,141,,RUE DU PALAIS,33000,33063,BORDEAUX,33,33063000A0139,0,1,Maison,200,6,632,-0.555085,44.868463
2023-COR-V6,2025-01-14,1,Vente,,108,,AVENUE THIERS,24430,24016,ANNESSE-ET-BEAULIEU,24,24016000B0408,1,2,Appartement,67,3,,0.526273,45.077125
2023-100141,2023-09-07,1,Vente,214391.96,112,,COURS DE L ARGONNE,17300,17300,ROCHEFORT,17,17300000B0359,1,2,Appartement,82,3,,-0.936409,45.955596
2023-100332,2023-05-10,1,Vente,364545.41,144,,PLACE COLBERT,24430,24016,ANNESSE-ET-BEAULIEU,24,24016000Z0558,0,1,Maison,210,9,1120,0.577978,45.093762
2023-100086,2023-04-14,1,Vente,155001.4,19,,ALLEE DES CHENES,24430,24016,ANNESSE-ET-BEAULIEU,24,24016000Z0744,0,2,Appartement,87,4,,0.586131,45.110259
2023-100009,2024-02-27,1,Vente,242852.64,84,,ALLEE DES CHENES,17300,17300,ROCHEFORT,17,17300000B0489,2,1,Maison,122,6,1866,-0.98793,45.940613
2023-100583,2024-11-16,1,Vente,105843.71,68,,RUE GAMBETTA,24430,24016,ANNESSE-ET-BEAULIEU,24,24016000D0882,1,2,Appartement,52,2,,0.541129,45.124472
2023-100789,2025-01-14,1,Vente,71406.5,90,,RUE SAINTE CATHERINE,24430,24016,ANNESSE-ET-BEAULIEU,24,24016000A0496,0,2,Appartement,42,2,,0.542088,45.122721
2023-100256,2023-01-25,1,Vente,349122.06,39,,ALLEE DES CHENES,33000,33063,BORDEAUX,33,33063000A0107,2,2,Appartement,83,4,,-0.625265,44.821851
2023-100037,2023-03-19,1,Vente,164379.11,119,,RUE DU PALAIS,24430,24016,ANNESSE-ET-BEAULIEU,24,24016000C0665,1,1,Maison,109,5,2362,0.568543,45.090836
2023-100658,2024-03-10,1,Vente,129174.62,15,,COURS DE L ARGONNE,33000,33063,BORDEAUX,33,33063000D0200,0,2,Appartement,38,1,,-0.56092,44.825316
2023-100705,2025-03-19,1,Vente,17424.81,165,,IMPASSE DES VIGNES,17300,17300,ROCHEFORT,17,17300000B0384,1,2,Appartement,64,3,,-0.916123,45.957959
2023-100819,2024-08-23,1,Vente,195385.76,23,,RUE SAINTE CATHERINE,33000,33063,BORDEAUX,33,33063000Z0681,0,2,Appartement,32,1,,-0.585779,44.819545
2023-100579,2024-02-08,1,Vente,236502.12,26,,COURS DE L ARGONNE,33000,33063,BORDEAUX,33,33063000D0753,0,2,Appartement,44,2,,-0.551284,44.806407
2023-100673,2025-01-08,1,Vente,115129.69,75,,PLACE COLBERT,17300,17300,ROCHEFORT,17,17300000Z0814,1,2,Appartement,54,2,,-1.012249,45.957522
2023-100221,2024-02-06,1,Vente,271423.36,50,,PLACE COLBERT,33000,33063,BORDEAUX,33,33063000Z0109,2,1,Maison,75,3,1632,-0.542857,44.849807
2023-COR-T12,2023-05-15,1,Vente,85506.51,112,,COURS DE L ARGONNE,24430,24016,ANNESSE-ET-BEAULIEU,24,24016000A0253,0,4,Local industriel. commercial ou assimile,65,2,,0.571139,45.123084
2023-100343,2023-09-25,1,Vente,100554.69,174,,PLACE COLBERT,24430,24016,ANNESSE-ET-BEAULIEU,24,24016000A0569,2,2,Appartement,81,4,,0.56221,45.080935
2023-100777,2024-04-16,1,Vente,191869.99,115,,RUE SAINTE CATHERINE,24430,24016,ANNESSE-ET-BEAULIEU,24,24016000C0983,1,1,Maison,137,6,190,0.577792,45.10056
2023-100118,2025-03-29,1,Vente,63634.36,144,,RUE SAINTE CATHERINE,17300,17300,ROCHEFORT,17,17300000A0872,0,1,Maison,190,6,428,-0.978936,45.910887
2023-100804,2024-09-16,1,Vente,913648.91,145,,IMPASSE DES VIGNES,33000,33063,BORDEAUX,33,33063000C0443,1,1,Maison,172,7,2059,-0.529258,44.811431
2023-100648,2023-06-21,1,Vente,410853.48,9,,RUE SAINTE CATHERINE,17300,17300,ROCHEFORT,17,17300000C0538,0,1,Maison,202,6,1550,-1.007332,45.939586
2023-100073,2024-08-03,1,Vente,168673.16,113,,AVENUE THIERS,17300,17300,ROCHEFORT,17,17300000E0644,0,2,Appartement,64,2,,-0.97482,45.916609
2023-100794,2024-06-21,1,Vente,286174.16,25,,RUE GAMBETTA,33000,33063,BORDEAUX,33,33063000B0932,0,2,Appartement,57,2,,-0.62631,44.854251
2023-100780,2023-10-09,2,Vente,125188.3,130,,RUE DU PALAIS,17300,17300,ROCHEFORT,17,17300000B0926,0,2,Appartement,58,2,,-1.000211,45.960799
2023-100718,2024-01-02,1,Vente,709831.1,1,,RUE DU PALAIS,33000,33063,BORDEAUX,33,33063000A0098,2,1,Maison,186,6,815,-0.628478,44.809444
2023-100569,2024-09-10,1,Vente,517281.89,142,,AVENUE THIERS,17300,17300,ROCHEFORT,17,17300000B0211,0,1,Maison,205,7,612,-0.991598,45.936879
2023-100862,2023-11-02,2,Vente,824563.29,17,,RUE GAMBETTA,33000,33063,BORDEAUX,33,33063000E0887,0,1,Maison,186,6,2270,-0.607386,44.85563
2023-100318,2023-08-01,1,Vente,167438.69,70,,ROUTE DE PERIGUEUX,17300,17300,ROCHEFORT,17,17300000E0907,0,2,Appartement,79,3,,-1.001999,45.960519
2023-100607,2023-10-08,1,Vente,393042.61,96,,RUE SAINTE CATHERINE,24430,24016,ANNESSE-ET-BEAULIEU,24,24016000E0658,2,1,Maison,199,6,958,0.546175,45.115605
2023-100416,2024-04-04,1,Vente,99800.15,151,,RUE SAINTE CATHERINE,24430,24016,ANNESSE-ET-BEAULIEU,24,24016000C0355,0,2,Appartement,64,2,,0.524065,45.047949
2023-100816,2024-05-23,1,Vente,44086.59,121,,IMPASSE DES VIGNES,24430,24016,ANNESSE-ET-BEAULIEU,24,24016000A0439,0,2,Appartement,33,1,,0.599739,45.075784
2023-100567,2023-11-06,1,Vente,159243.54,119,,RUE SAINTE CATHERINE,24430,24016,ANNESSE-ET-BEAULIEU,24,24016000A0002,0,2,Appartement,75,3,,0.513856,45.110505
2023-100382,2023-10-03,1,Vente,370939.09,125,,RUE SAINTE CATHERINE,24430,24016,ANNESSE-ET-BEAULIEU,24,24016000A0039,0,1,Maison,174,5,1679,0.563398,45.100188
2023-100321,2025-04-08,1,Vente,187804.78,5,,RUE SAINTE CATHERINE,24430,24016,ANNESSE-ET-BEAULIEU,24,24016000B0476,0,1,Maison,108,4,1251,0.582729,45.083922
2023-100286,2025-06-05,1,Vente,296801.44,113,,RUE SAINTE CATHERINE,33000,33063,BORDEAUX,33,33063000C0552,0,2,Appartement,76,3,,-0.54108,44.805781
2023-100532,2023-03-24,2,Vente,225421.12,120,,AVENUE THIERS,17300,17300,ROCHEFORT,17,17300000E0268,0,2,Appartement,87,4,,-0.916081,45.955292
2023-100412,2023-11-01,1,Vente,155632.56,4,,AVENUE THIERS,24430,24016,ANNESSE-ET-BEAULIEU,24,24016000E0499,1,2,Appartement,85,3,,0.535735,45.126235
2023-100216,2024-12-06,1,Vente,97698.74,50,,IMPASSE DES VIGNES,24430,24016,ANNESSE-ET-BEAULIEU,24,24016000Z0358,1,2,Appartement,45,2,,0.58582,45.056084
2023-100254,2023-02-05,1,Vente,121755.87,48,,RUE SAINTE CATHERINE,24430,24016,ANNESSE-ET-BEAULIEU,24,24016000A0100,0,2,Appartement,62,2,,0.593103,45.105288
2023-100191,2023-03-24,1,Vente,727278.05,120,,AVENUE THIERS,33000,33063,BORDEAUX,33,33063000B0418,1,1,Maison,163,6,238,-0.583982,44.833378
2023-100252,2024-05-09,1,Vente,311705.74,59,,ALLEE DES CHENES,24430,24016,ANNESSE-ET-BEAULIEU,24,24016000B0878,2,1,Maison,156,7,1812,0.546685,45.105172
2023-COR-T24,2024-08-14,1,Vente,192762.04,24,,IMPASSE DES VIGNES,17300,17300,ROCHEFORT,17,17300000B0983,1,4,Local industriel. commercial ou assimile,82,4,,-0.927154,45.929619
2023-100071,2023-10-16,1,Vente,31578.77,56,,ROUTE DE PERIGUEUX,33000,33063,BORDEAUX,33,33063000Z0078,0,2,Appartement,73,2,,-0.539582,44.845753
2023-100437,2023-12-10,1,Vente,432106.0,79,,RUE GAMBETTA,33000,33063,BORDEAUX,33,33063000E0199,0,2,Appartement,74,3,,-0.617369,44.873854
2023-100120,2024-11-09,1,Vente,493281.53,101,,ROUTE DE PERIGUEUX,33000,33063,BORDEAUX,33,33063000A0007,2,1,Maison,147,6,1125,-0.549515,44.830424
2023-100708,2024-08-14,1,Vente,138108.92,103,,COURS DE L ARGONNE,24430,24016,ANNESSE-ET-BEAULIEU,24,24016000A0380,0,2,Appartement,70,3,,0.527876,45.12446
2023-100219,2024-11-24,1,Vente,136023.7,93,,ALLEE DES CHENES,24430,24016,ANNESSE-ET-BEAULIEU,24,24016000Z0530,1,2,Appartement,79,3,,0.50796,45.097146
2023-100040,2023-12-16,1,Vente,179122.79,155,,RUE GAMBETTA,17300,17300,ROCHEFORT,17,17300000B0534,0,2,Appartement,66,3,,-0.991754,45.963528
2023-100034,2023-03-09,1,Vente,220354.26,4,,IMPASSE DES VIGNES,33000,33063,BORDEAUX,33,33063000Z0981,1,2,Appartement,56,2,,-0.615329,44.843751
2023-100756,2024-07-14,1,Vente,620383.61,157,,ALLEE DES CHENES,33000,33063,BORDEAUX,33,33063000D0321,0,1,Maison,122,5,2147,-0.5467,44.864325
2023-100508,2024-07-28,1,Vente,194846.98,149,,PLACE COLBERT,24430,24016,ANNESSE-ET-BEAULIEU,24,24016000Z0739,1,1,Maison,163,6,685,0.571483,45.097127
2023-100486,2023-10-14,2,Vente,308373.5,141,,AVENUE THIERS,33000,33063,BORDEAUX,33,33063000D0689,0,2,Appartement,62,2,,-0.623302,44.82871
2023-100054,2023-08-25,1,Vente,437920.37,101,,RUE GAMBETTA,33000,33063,BORDEAUX,33,33063000B0997,1,1,Maison,76,2,838,-0.536013,44.833419
2023-100395,2023-04-20,1,Vente,186434.58,116,,IMPASSE DES VIGNES,17300,17300,ROCHEFORT,17,17300000D0910,0,2,Appartement,65,3,,-0.937099,45.918992
2023-100448,2025-01-11,1,Vente,462217.83,168,,ALLEE DES CHENES,17300,17300,ROCHEFORT,17,17300000D0400,1,1,Maison,184,7,2186,-0.953244,45.960027
2023-100820,2023-07-31,1,Vente,366918.22,169,,AVENUE THIERS,33000,33063,BORDEAUX,33,33063000B0553,0,2,Appartement,60,3,,-0.616762,44.876894
2023-100047,2023-05-04,1,Vente,122914.4,153,,ALLEE DES CHENES,17300,17300,ROCHEFORT,17,17300000A0661,2,2,Appartement,44,2,,-1.0048,45.917548
2023-100328,2023-03-23,1,Vente,145333.39,96,,RUE DU PALAIS,24430,24016,ANNESSE-ET-BEAULIEU,24,24016000A0543,1,1,Maison,88,3,610,0.58554,45.112705
2023-100194,2024-05-19,1,Vente,138473.93,99,,ALLEE DES CHENES,17300,17300,ROCHEFORT,17,17300000C0321,0,2,Appartement,68,3,,-0.971903,45.903389
2023-100193,2023-08-06,1,Vente,217443.83,118,,RUE SAINTE CATHERINE,33000,33063,BORDEAUX,33,33063000E0658,1,2,Appartement,63,2,,-0.58648,44.811029
2023-100164,2024-06-23,1,Vente,392295.26,153,,RUE GAMBETTA,17300,17300,ROCHEFORT,17,17300000Z0618,2,1,Maison,189,9,2319,-0.990589,45.974985
2023-100075,2024-02-13,1,Vente,441803.9,96,,ROUTE DE PERIGUEUX,17300,17300,ROCHEFORT,17,17300000C0981,0,1,Maison,204,8,1465,-0.999199,45.940081
2023-100128,2023-11-12,1,Vente,317962.42,80,,IMPASSE DES VIGNES,33000,33063,BORDEAUX,33,33063000A0023,0,2,Appartement,60,2,,-0.585544,44.817394
2023-100266,2023-10-16,1,Vente,284615.48,165,,RUE DU PALAIS,17300,17300,ROCHEFORT,17,17300000Z0761,1,1,Maison,158,6,1583,-0.946667,45.949347
2023-100872,2024-10-08,1,Vente,150577.86,159,,COURS DE L ARGONNE,33000,33063,BORDEAUX,33,33063000D0187,1,2,Appartement,38,2,,-0.531908,44.856495
2023-100795,2025-03-25,1,Vente,466940.7,15,,PLACE COLBERT,33000,33063,BORDEAUX,33,33063000A0794,2,1,Maison,132,6,2359,-0.623105,44.848978
2023-100744,2025-01-30,1,Vente,148031.45,135,,ALLEE DES CHENES,24430,24016,ANNESSE-ET-BEAULIEU,24,24016000Z0430,2,2,Appartement,79,4,,0.602334,45.05667
2023-100803,2023-12-14,1,Vente,220803.67,17,,RUE DU PALAIS,24430,24016,ANNESSE-ET-BEAULIEU,24,24016000B0137,0,1,Maison,176,7,575,0.584192,45.126792
2023-COR-V2,2025-02-20,1,Vente,,69,,ALLEE DES CHENES,33000,33063,BORDEAUX,33,33063000Z0832,0,2,Appartement,75,3,,-0.584146,44.849621
2023-COR-S13,2025-02-19,1,Vente,53818.33,25,,IMPASSE DES VIGNES,24430,24016,ANNESSE-ET-BEAULIEU,24,24016000A0437,0,2,Appartement,0,1,,0.580257,45.083041
2023-100077,2023-05-30,1,Vente,307177.74,101,,IMPASSE DES VIGNES,17300,17300,ROCHEFORT,17,17300000Z0164,0,1,Maison,115,4,1215,-0.921978,45.913444
2023-100535,2024-07-09,1,Vente,175787.29,106,,RUE GAMBETTA,17300,17300,ROCHEFORT,17,17300000A0811,0,2,Appartement,57,3,,-0.975531,45.937355
2023-100253,2025-01-14,1,Vente,270440.95,92,,PLACE COLBERT,33000,33063,BORDEAUX,33,33063000Z0286,2,2,Appartement,54,3,,-0.602499,44.848159
2023-100687,2023-08-26,1,Vente,316159.79,88,,IMPASSE DES VIGNES,33000,33063,BORDEAUX,33,33063000C0060,0,2,Appartement,57,2,,-0.595609,44.864508
2023-100698,2023-01-28,1,Vente,375546.5,65,,PLACE COLBERT,33000,33063,BORDEAUX,33,33063000Z0029,0,2,Appartement,71,2,,-0.601652,44.857654
2023-100091,2024-03-31,1,Vente,152091.63,147,,AVENUE THIERS,24430,24016,ANNESSE-ET-BEAULIEU,24,24016000E0753,1,1,Maison,87,4,131,0.543724,45.081631
2023-100684,2025-02-08,1,Vente,413484.7,157,,RUE GAMBETTA,33000,33063,BORDEAUX,33,33063000D0479,0,2,Appartement,76,3,,-0.620909,44.839111
2023-COR-T1,2023-01-07,1,Vente,115300.65,49,,COURS DE L ARGONNE,17300,17300,ROCHEFORT,17,17300000A0914,1,4,Dependance,49,2,,-0.989273,45.974932
2023-100245,2025-01-16,1,Vente,951677.45,119,,ROUTE DE PERIGUEUX,33000,33063,BORDEAUX,33,33063000D0443,0,1,Maison,208,7,281,-0.623499,44.808839
2023-100891,2024-09-19,1,Vente,279285.93,67,,RUE DU PALAIS,17300,17300,ROCHEFORT,17,17300000Z0505,1,1,Maison,94,3,2224,-0.990361,45.977487
2023-100345,2025-02-27,1,Vente,87683.94,86,,RUE SAINTE CATHERINE,24430,24016,ANNESSE-ET-BEAULIEU,24,24016000A0889,0,2,Appartement,73,3,,0.569544,45.107105
2023-100861,2025-01-03,1,Vente,480288.0,47,,ROUTE DE PERIGUEUX,33000,33063,BORDEAUX,33,33063000C0467,0,2,Appartement,88,3,,-0.59847,44.821499
2023-100072,2023-11-27,1,Vente,447505.42,73,,PLACE COLBERT,33000,33063,BORDEAUX,33,33063000A0212,0,1,Maison,73,2,1337,-0.626843,44.821663
2023-100178,2023-09-14,1,Vente,94393.33,164,,RUE GAMBETTA,24430,24016,ANNESSE-ET-BEAULIEU,24,24016000E0702,0,2,Appartement,79,3,,0.578721,45.049672
2023-100792,2023-05-22,1,Vente,1034197.6,100,,ROUTE DE PERIGUEUX,33000,33063,BORDEAUX,33,33063000B0773,1,1,Maison,184,7,1651,-0.582666,44.81766
2023-100293,2024-05-14,1,Vente,66575.55,161,,ROUTE DE PERIGUEUX,24430,24016,ANNESSE-ET-BEAULIEU,24,24016000E0688,2,2,Appartement,41,1,,0.518321,45.120053
2023-COR-T21,2024-04-28,1,Vente,111429.79,138,,RUE GAMBETTA,17300,17300,ROCHEFORT,17,17300000A0888,1,4,Local industriel. commercial ou assimile,47,2,,-0.925702,45.949672
2023-100713,2024-05-16,1,Vente,179999.52,176,,RUE SAINTE CATHERINE,17300,17300,ROCHEFORT,17,17300000D0110,2,1,Maison,82,4,1934,-1.005236,45.968321
2023-100625,2023-11-17,1,Vente,411034.97,3,,AVENUE THIERS,17300,17300,ROCHEFORT,17,17300000A0822,2,1,Maison,177,6,416,-0.976338,45.924524
2023-100726,2025-02-16,1,Vente,631747.05,149,,RUE SAINTE CATHERINE,33000,33063,BORDEAUX,33,33063000E0738,2,1,Maison,113,5,226,-0.588759,44.844079
2023-100762,2024-02-24,1,Vente,183635.13,48,,RUE DU PALAIS,17300,17300,ROCHEFORT,17,17300000C0123,0,1,Maison,91,3,1783,-0.977511,45.946315
2023-100419,2025-04-23,1,Vente,40230.52,53,,COURS DE L ARGONNE,24430,24016,ANNESSE-ET-BEAULIEU,24,24016000E0650,0,2,Appartement,28,1,,0.559825,45.093774
2023-100420,2023-03-16,1,Vente,268909.96,82,,COURS DE L ARGONNE,17300,17300,ROCHEFORT,17,17300000E0894,2,2,Appartement,91,4,,-0.945114,45.942107
2023-100380,2023-01-12,1,Vente,95590.06,136,,ALLEE DES CHENES,17300,17300,ROCHEFORT,17,17300000E0148,0,2,Appartement,52,2,,-1.010331,45.924173
2023-100184,2025-03-08,1,Vente,646273.14,133,,ROUTE DE PERIGUEUX,33000,33063,BORDEAUX,33,33063000B0264,0,1,Maison,111,4,873,-0.543274,44.852974
2023-100500,2025-06-18,1,Vente,210035.43,142,,COURS DE L ARGONNE,17300,17300,ROCHEFORT,17,17300000B0960,0,2,Appartement,77,3,,-0.946467,45.919675
2023-COR-T20,2024-09-19,1,Vente,314231.05,141,,ALLEE DES CHENES,24430,24016,ANNESSE-ET-BEAULIEU,24,24016000Z0249,2,4,Local industriel. commercial ou assimile,167,6,635,0.507673,45.057813
2023-100639,2025-05-11,1,Vente,68190.51,96,,PLACE COLBERT,17300,17300,ROCHEFORT,17,17300000E0430,0,2,Appartement,34,1,,-0.945179,45.91524
2023-100709,2024-07-11,1,Vente,157854.71,2,,RUE SAINTE CATHERINE,24430,24016,ANNESSE-ET-BEAULIEU,24,24016000B0439,1,1,Maison,107,4,918,0.567453,45.114629
2023-100353,2024-05-17,1,Vente,171845.16,142,,ROUTE DE PERIGUEUX,17300,17300,ROCHEFORT,17,17300000Z0672,0,1,Maison,75,3,2273,-0.913663,45.90652
2023-100177,2023-06-22,1,Vente,525356.17,47,,PLACE COLBERT,33000,33063,BORDEAUX,33,33063000D0543,1,1,Maison,92,4,772,-0.548772,44.86269
2023-100142,2023-11-02,1,Vente,443338.35,173,,COURS DE L ARGONNE,33000,33063,BORDEAUX,33,33063000A0091,1,1,Maison,99,4,1370,-0.541691,44.876677
2023-100020,2023-08-24,1,Vente,216848.94,167,,PLACE COLBERT,17300,17300,ROCHEFORT,17,17300000C0276,0,1,Maison,89,4,878,-0.922548,45.916184
2023-100103,2023-11-06,1,Vente,423152.39,92,,ROUTE DE PERIGUEUX,33000,33063,BORDEAUX,33,33063000E0017,0,1,Maison,81,3,2233,-0.5891,44.85929
2023-COR-S17,2023-08-04,1,Vente,877515.6,125,,PLACE COLBERT,33000,33063,BORDEAUX,33,33063000E0636,0,1,Maison,-12,5,431,-0.533625,44.850833
2023-100403,2023-02-12,1,Vente,298363.8,64,,IMPASSE DES VIGNES,24430,24016,ANNESSE-ET-BEAULIEU,24,24016000Z0383,2,1,Maison,142,7,1560,0.587549,45.118833
2023-100538,2024-06-19,1,Vente,255845.11,94,,ROUTE DE PERIGUEUX,33000,33063,BORDEAUX,33,33063000E0901,1,2,Appartement,77,3,,-0.593411,44.810508
2023-100133,2023-04-19,1,Vente,145593.2,137,,RUE DU PALAIS,24430,24016,ANNESSE-ET-BEAULIEU,24,24016000D0660,0,1,Maison,103,4,328,0.573974,45.107604
2023-100770,2023-09-02,1,Vente,290840.77,180,,RUE SAINTE CATHERINE,24430,24016,ANNESSE-ET-BEAULIEU,24,24016000D0946,0,1,Maison,194,7,1499,0.550831,45.050864
2023-100465,2023-02-26,1,Vente,209476.03,80,,RUE SAINTE CATHERINE,17300,17300,ROCHEFORT,17,17300000Z0313,0,1,Maison,86,3,2126,-0.95368,45.981027
2023-COR-T23,2024-10-30,1,Vente,269609.02,85,,ALLEE DES CHENES,24430,24016,ANNESSE-ET-BEAULIEU,24,24016000C0230,1,4,Local industriel. commercial ou assimile,192,7,819,0.565805,45.107033
2023-100366,2023-01-06,1,Vente,85283.23,168,,AVENUE THIERS,17300,17300,ROCHEFORT,17,17300000Z0367,0,2,Appartement,30,1,,-1.006057,45.911589
2023-100122,2023-12-04,1,Vente,149390.6,147,,RUE GAMBETTA,33000,33063,BORDEAUX,33,33063000D0263,0,2,Appartement,34,1,,-0.588836,44.871568
2023-100026,2024-06-25,1,Vente,61123.23,21,,RUE GAMBETTA,24430,24016,ANNESSE-ET-BEAULIEU,24,24016000A0480,0,2,Appartement,40,1,,0.603684,45.078432
2023-100104,2023-05-22,1,Vente,334828.15,158,,RUE DU PALAIS,33000,33063,BORDEAUX,33,33063000C0928,0,2,Appartement,85,4,,-0.567885,44.824518
2023-100156,2024-10-06,1,Vente,25501.8,60,,ALLEE DES CHENES,33000,33063,BORDEAUX,33,33063000C0650,2,2,Appartement,95,3,,-0.554072,44.801666
2023-100543,2023-10-03,1,Vente,190847.03,94,,RUE GAMBETTA,17300,17300,ROCHEFORT,17,17300000E0418,2,2,Appartement,65,3,,-0.98207,45.947689
2023-100311,2024-05-19,1,Vente,189910.27,113,,RUE SAINTE CATHERINE,24430,24016,ANNESSE-ET-BEAULIEU,24,24016000B0860,1,2,Appartement,93,4,,0.548015,45.11811
2023-COR-D4,0000-00-00,1,Vente,120250.43,41,,RUE DU PALAIS,17300,17300,ROCHEFORT,17,17300000B0531,2,2,Appartement,67,3,,-0.974515,45.903792
2023-100571,2023-12-10,1,Vente,242124.89,135,,AVENUE THIERS,24430,24016,ANNESSE-ET-BEAULIEU,24,24016000A0729,1,1,Maison,169,7,1669,0.552271,45.125518
2023-100683,2023-03-23,1,Vente,231436.49,169,,ALLEE DES CHENES,24430,24016,ANNESSE-ET-BEAULIEU,24,24016000B0657,2,1,Maison,120,6,466,0.554081,45.064079
2023-100826,2024-09-12,1,Vente,206768.02,118,,ALLEE DES CHENES,24430,24016,ANNESSE-ET-BEAULIEU,24,24016000C0378,2,1,Maison,115,5,2296,0.567794,45.105064
2023-100797,2023-10-10,1,Vente,217702.1,76,,PLACE COLBERT,17300,17300,ROCHEFORT,17,17300000D0130,1,1,Maison,107,5,2035,-0.984008,45.964544
2023-100787,2023-03-01,1,Vente,282804.68,56,,COURS DE L ARGONNE,24430,24016,ANNESSE-ET-BEAULIEU,24,24016000A0318,2,1,Maison,144,5,2293,0.545542,45.090059
2023-100406,2025-05-26,1,Vente,121342.87,9,,ALLEE DES CHENES,24430,24016,ANNESSE-ET-BEAULIEU,24,24016000A0923,1,2,Appartement,94,3,,0.589548,45.120592
2023-100689,2023-11-04,1,Vente,483450.24,78,,RUE GAMBETTA,17300,17300,ROCHEFORT,17,17300000E0829,0,1,Maison,172,8,1473,-0.998124,45.931393
2023-100044,2024-07-11,1,Vente,77802.6,169,,RUE DU PALAIS,17300,17300,ROCHEFORT,17,17300000A0346,1,2,Appartement,37,2,,-0.959915,45.92629
2023-100519,2025-03-16,1,Vente,196618.45,46,,ALLEE DES CHENES,33000,33063,BORDEAUX,33,33063000A0942,1,2,Appartement,39,1,,-0.53891,44.872835
2023-100001,2024-05-21,1,Vente,343164.57,123,,ROUTE DE PERIGUEUX,24430,24016,ANNESSE-ET-BEAULIEU,24,24016000Z0845,0,1,Maison,172,7,656,0.567619,45.120818
2023-100493,2024-12-13,1,Vente,101991.05,110,,RUE DU PALAIS,24430,24016,ANNESSE-ET-BEAULIEU,24,24016000A0715,2,2,Appartement,69,3,,0.514406,45.114706
2023-100871,2024-04-28,1,Vente,111429.79,138,,RUE GAMBETTA,17300,17300,ROCHEFORT,17,17300000A0888,1,2,Appartement,47,2,,-0.925702,45.949672
2023-100010,2023-11-01,2,Vente,136803.09,13,,AVENUE THIERS,17300,17300,ROCHEFORT,17,17300000C0588,1,2,Appartement,52,2,,-0.997017,45.967837
2023-100630,2024-11-14,1,Vente,201126.29,151,,IMPASSE DES VIGNES,17300,17300,ROCHEFORT,17,17300000B0538,0,1,Maison,79,3,593,-1.011091,45.91754
2023-100300,2024-05-13,1,Vente,130880.28,149,,AVENUE THIERS,17300,17300,ROCHEFORT,17,17300000Z0754,0,1,Maison,71,2,319,-0.991288,45.95966
2023-100264,2024-05-13,1,Vente,222089.9,43,,COURS DE L ARGONNE,24430,24016,ANNESSE-ET-BEAULIEU,24,24016000A0167,0,1,Maison,124,5,1798,0.537425,45.116964
2023-100449,2023-01-03,1,Vente,154691.83,49,,RUE GAMBETTA,24430,24016,ANNESSE-ET-BEAULIEU,24,24016000C0577,0,1,Maison,75,3,1440,0.530398,45.108144
2023-100549,2024-11-13,1,Vente,348717.52,100,,AVENUE THIERS,33000,33063,BORDEAUX,33,33063000E0386,0,2,Appartement,92,4,,-0.597494,44.802885
2023-100572,2024-11-08,1,Vente,74288.79,117,,ALLEE DES CHENES,17300,17300,ROCHEFORT,17,17300000D0687,0,2,Appartement,41,1,,-0.959408,45.911443
2023-100854,2025-04-18,1,Vente,715177.63,21,,COURS DE L ARGONNE,33000,33063,BORDEAUX,33,33063000E0981,1,1,Maison,178,7,1954,-0.606986,44.811396
2023-100290,2024-07-21,1,Vente,43384.31,134,,PLACE COLBERT,24430,24016,ANNESSE-ET-BEAULIEU,24,24016000B0821,2,2,Appartement,32,1,,0.527644,45.100095
2023-COR-V7,2024-04-28,1,Vente,,32,,RUE GAMBETTA,33000,33063,BORDEAUX,33,33063000A0779,1,2,Appartement,82,3,,-0.549812,44.831892
2023-100676,2023-11-06,1,Vente,151668.67,6,,PLACE COLBERT,17300,17300,ROCHEFORT,17,17300000A0891,0,2,Appartement,58,2,,-0.934694,45.912384
2023-100301,2023-12-20,1,Vente,1003561.63,12,,RUE SAINTE CATHERINE,33000,33063,BORDEAUX,33,33063000D0820,0,1,Maison,193,7,1317,-0.601406,44.808652
2023-100836,2023-01-12,1,Vente,185726.54,79,,RUE SAINTE CATHERINE,24430,24016,ANNESSE-ET-BEAULIEU,24,24016000C0432,0,2,Appartement,91,3,,0.534899,45.069568
2023-100662,2024-12-11,1,Vente,285841.47,27,,IMPASSE DES VIGNES,33000,33063,BORDEAUX,33,33063000D0343,0,2,Appartement,55,2,,-0.577962,44.800444
2023-100597,2023-06-04,1,Vente,216816.49,109,,PLACE COLBERT,33000,33063,BORDEAUX,33,33063000E0287,0,2,Appartement,57,2,,-0.610453,44.83156
2023-100577,2023-03-16,1,Vente,52801.19,146,,AVENUE THIERS,24430,24016,ANNESSE-ET-BEAULIEU,24,24016000Z0821,0,2,Appartement,43,2,,0.553995,45.085642
2023-100356,2023-01-26,1,Vente,216249.15,154,,ALLEE DES CHENES,17300,17300,ROCHEFORT,17,17300000C0152,1,2,Appartement,77,3,,-0.95291,45.931292
2023-100892,2024-01-23,1,Vente,368858.34,48,,RUE GAMBETTA,17300,17300,ROCHEFORT,17,17300000Z0886,0,1,Maison,152,6,571,-0.975622,45.97193
2023-100324,2023-10-08,1,Vente,166103.98,11,,COURS DE L ARGONNE,17300,17300,ROCHEFORT,17,17300000C0603,1,2,Appartement,89,4,,-0.928299,45.90349
2023-100736,2023-03-26,1,Vente,140692.87,147,,COURS DE L ARGONNE,17300,17300,ROCHEFORT,17,17300000A0567,0,2,Appartement,78,3,,-0.973274,45.961883
2023-100268,2025-01-11,1,Vente,72287.61,177,,PLACE COLBERT,24430,24016,ANNESSE-ET-BEAULIEU,24,24016000D0650,0,2,Appartement,54,2,,0.598485,45.124978
2023-100140,2023-08-06,1,Vente,254476.65,149,,RUE SAINTE CATHERINE,24430,24016,ANNESSE-ET-BEAULIEU,24,24016000D0294,2,1,Maison,174,6,1649,0.527796,45.049056
2023-100809,2025-04-11,1,Vente,434197.61,141,,RUE DU PALAIS,33000,33063,BORDEAUX,33,33063000D0939,1,1,Maison,99,3,1598,-0.542865,44.853894
2023-100160,2023-03-07,1,Vente,168893.76,4,,RUE GAMBETTA,24430,24016,ANNESSE-ET-BEAULIEU,24,24016000E0261,0,2,Appartement,85,3,,0.555182,45.1166
2023-100479,2023-12-21,1,Vente,64981.6,50,,AVENUE THIERS,17300,17300,ROCHEFORT,17,17300000Z0893,0,1,Maison,195,7,2350,-0.98048,45.961091
2023-100548,2024-01-18,1,Vente,136410.77,25,,ALLEE DES CHENES,24430,24016,ANNESSE-ET-BEAULIEU,24,24016000E0443,0,2,Appartement,80,3,,0.601414,45.08805
2023-100059,2025-02-12,1,Vente,185171.59,76,,IMPASSE DES VIGNES,17300,17300,ROCHEFORT,17,17300000A0903,2,1,Maison,86,4,2199,-1.012074,45.969205
2023-100165,2024-03-30,1,Vente,247177.97,106,,PLACE COLBERT,24430,24016,ANNESSE-ET-BEAULIEU,24,24016000D0206,0,1,Maison,123,5,289,0.508512,45.072798
2023-100670,2023-12-25,1,Vente,293152.8,76,,ALLEE DES CHENES,33000,33063,BORDEAUX,33,33063000B0791,2,2,Appartement,88,3,,-0.596652,44.802312
2023-100447,2025-04-07,1,Vente,223806.27,66,,ALLEE DES CHENES,33000,33063,BORDEAUX,33,33063000Z0626,0,2,Appartement,37,2,,-0.621547,44.827986
2023-100373,2024-07-21,1,Vente,146716.41,113,,PLACE COLBERT,17300,17300,ROCHEFORT,17,17300000Z0831,0,2,Appartement,83,3,,-0.96145,45.913412
2023-100112,2023-08-15,1,Vente,121843.05,7,,IMPASSE DES VIGNES,24430,24016,ANNESSE-ET-BEAULIEU,24,24016000Z0027,2,1,Maison,82,3,2376,0.526652,45.066128
2023-100545,2025-04-13,1,Vente,366276.37,44,,RUE DU PALAIS,24430,24016,ANNESSE-ET-BEAULIEU,24,24016000D0074,0,1,Maison,173,6,1541,0.578898,45.06899
2023-100513,2023-05-22,1,Vente,123119.01,12,,IMPASSE DES VIGNES,17300,17300,ROCHEFORT,17,17300000E0362,1,2,Appartement,72,3,,-0.982937,45.922621
2023-100585,2025-04-28,1,Vente,1073084.62,98,,RUE DU PALAIS,33000,33063,BORDEAUX,33,33063000C0944,1,1,Maison,189,6,463,-0.540312,44.855859
2023-100544,2024-11-13,1,Vente,235534.08,79,,ROUTE DE PERIGUEUX,17300,17300,ROCHEFORT,17,17300000Z0919,0,2,Appartement,83,4,,-0.945432,45.980524
2023-100518,2024-09-09,1,Vente,307345.39,42,,ROUTE DE PERIGUEUX,33000,33063,BORDEAUX,33,33063000E0301,0,2,Appartement,76,4,,-0.539306,44.854826
2023-100652,2024-04-11,1,Vente,295543.74,153,,RUE SAINTE CATHERINE,33000,33063,BORDEAUX,33,33063000B0778,1,2,Appartement,83,4,,-0.62397,44.833116
2023-100716,2024-01-04,1,Vente,80992.39,113,,IMPASSE DES VIGNES,24430,24016,ANNESSE-ET-BEAULIEU,24,24016000E0932,2,2,Appartement,48,2,,0.569811,45.086064
2023-100556,2025-01-21,1,Vente,525684.31,63,,IMPASSE DES VIGNES,33000,33063,BORDEAUX,33,33063000A0561,0,2,Appartement,88,3,,-0.598673,44.837201
2023-100096,2024-02-06,1,Vente,192419.6,175,,ROUTE DE PERIGUEUX,17300,17300,ROCHEFORT,17,17300000A0799,1,2,Appartement,65,2,,-0.987135,45.940737
2023-100474,2023-02-21,1,Vente,21835.12,167,,RUE DU PALAIS,17300,17300,ROCHEFORT,17,17300000E0375,1,2,Appartement,69,3,,-0.948848,45.93555
2023-100057,2025-02-23,1,Vente,350146.3,22,,RUE DU PALAIS,24430,24016,ANNESSE-ET-BEAULIEU,24,24016000A0186,0,1,Maison,163,6,2120,0.587404,45.089594
2023-100707,2023-01-22,1,Vente,155301.43,105,,RUE DU PALAIS,17300,17300,ROCHEFORT,17,17300000D0853,2,2,Appartement,84,3,,-0.988589,45.94106
2023-100094,2025-03-18,1,Vente,529597.92,159,,RUE SAINTE CATHERINE,33000,33063,BORDEAUX,33,33063000Z0931,1,1,Maison,92,4,1878,-0.599194,44.809604
2023-100375,2023-02-13,1,Vente,318728.89,105,,ALLEE DES CHENES,24430,24016,ANNESSE-ET-BEAULIEU,24,24016000B0463,0,1,Maison,160,5,497,0.586482,45.063959
2023-100811,2024-10-17,1,Vente,164792.03,28,,COURS DE L ARGONNE,24430,24016,ANNESSE-ET-BEAULIEU,24,24016000D0372,2,1,Maison,104,5,147,0.57761,45.09007
2023-100695,2023-03-15,1,Vente,365834.55,134,,PLACE COLBERT,17300,17300,ROCHEFORT,17,17300000Z0395,0,1,Maison,120,4,2046,-0.991712,45.968281
2023-COR-S11,2023-01-28,1,Vente,337727.75,129,,COURS DE L ARGONNE,33000,33063,BORDEAUX,33,33063000Z0712,2,2,Appartement,,2,,-0.56885,44.830795
2023-100486,2023-10-14,1,Vente,308373.5,141,,AVENUE THIERS,33000,33063,BORDEAUX,33,33063000D0689,0,2,Appartement,62,2,,-0.623302,44.82871
2023-100085,2024-02-24,1,Vente,319662.04,8,,ROUTE DE PERIGUEUX,33000,33063,BORDEAUX,33,33063000D0692,1,2,Appartement,66,2,,-0.590852,44.869645
2023-100460,2024-10-30,1,Vente,269609.02,85,,ALLEE DES CHENES,24430,24016,ANNESSE-ET-BEAULIEU,24,24016000C0230,1,1,Maison,192,7,819,0.565805,45.107033
2023-100407,2025-01-18,1,Vente,213369.11,25,,RUE DU PALAIS,17300,17300,ROCHEFORT,17,17300000A0893,0,2,Appartement,90,3,,-0.984464,45.948399
2023-100002,2024-03-24,1,Vente,158576.19,139,,COURS DE L ARGONNE,17300,17300,ROCHEFORT,17,17300000C0995,1,2,Appartement,66,3,,-0.990106,45.977111
2023-COR-T9,2023-04-20,1,Vente,170526.18,30,,AVENUE THIERS,17300,17300,ROCHEFORT,17,17300000E0131,0,3,Dependance,60,3,,-0.975216,45.931858
2023-100629,2024-10-24,1,Vente,280089.92,156,,RUE DU PALAIS,33000,33063,BORDEAUX,33,33063000A0684,0,2,Appartement,57,2,,-0.566151,44.847873
2023-COR-D0,,1,Vente,66041.03,111,,RUE DU PALAIS,24430,24016,ANNESSE-ET-BEAULIEU,24,24016000A0030,0,2,Appartement,34,1,,0.517958,45.051955
2023-100490,2024-05-05,1,Vente,243621.13,77,,IMPASSE DES VIGNES,24430,24016,ANNESSE-ET-BEAULIEU,24,24016000C0548,2,1,Maison,116,4,1951,0.510052,45.070855
2023-COR-V14,2024-02-24,1,Vente,,8,,ROUTE DE PERIGUEUX,33000,33063,BORDEAUX,33,33063000D0692,1,2,Appartement,66,2,,-0.590852,44.869645
2023-100022,2025-03-17,1,Vente,228870.55,5,,COURS DE L ARGONNE,24430,24016,ANNESSE-ET-BEAULIEU,24,24016000A0430,0,1,Maison,142,6,957,0.574926,45.063296
2023-100677,2024-09-13,1,Vente,149666.34,105,,COURS DE L ARGONNE,24430,24016,ANNESSE-ET-BEAULIEU,24,24016000A0075,0,1,Maison,88,4,2290,0.511082,45.098597
2023-100685,2024-08-10,1,Vente,433667.35,138,,PLACE COLBERT,17300,17300,ROCHEFORT,17,17300000A0596,0,1,Maison,152,5,401,-0.955627,45.927714
2023-100326,2024-11-05,1,Vente,202960.46,3,,ALLEE DES CHENES,24430,24016,ANNESSE-ET-BEAULIEU,24,24016000E0737,0,1,Maison,115,4,1298,0.572823,45.08527
2023-100292,2025-03-13,1,Vente,342043.37,111,,ROUTE DE PERIGUEUX,33000,33063,BORDEAUX,33,33063000D0746,0,2,Appartement,64,2,,-0.615297,44.859176
2023-100831,2024-09-07,1,Vente,746542.72,44,,PLACE COLBERT,33000,33063,BORDEAUX,33,33063000C0671,0,1,Maison,174,8,2126,-0.597355,44.832237
2023-100358,2025-01-10,1,Vente,247559.38,35,,ROUTE DE PERIGUEUX,33000,33063,BORDEAUX,33,33063000E0066,0,2,Appartement,62,2,,-0.543368,44.806116
2023-100309,2023-09-05,1,Vente,4035050.17,88,,AVENUE THIERS,17300,17300,ROCHEFORT,17,17300000E0870,0,1,Maison,181,8,2351,-1.007946,45.922096
2023-100885,2025-05-11,1,Vente,256941.62,68,,RUE DU PALAIS,33000,33063,BORDEAUX,33,33063000D0544,0,2,Appartement,67,2,,-0.588733,44.815125
2023-100171,2024-01-11,1,Vente,410377.72,90,,RUE DU PALAIS,24430,24016,ANNESSE-ET-BEAULIEU,24,24016000A0446,0,1,Maison,196,7,2337,0.593218,45.05592
2023-100603,2023-09-22,1,Vente,461922.98,13,,RUE SAINTE CATHERINE,17300,17300,ROCHEFORT,17,17300000E0489,0,1,Maison,181,7,853,-0.990947,45.977923
2023-100895,2023-03-15,1,Vente,68258.36,49,,AVENUE THIERS,24430,24016,ANNESSE-ET-BEAULIEU,24,24016000C0558,0,2,Appartement,34,1,,0.574791,45.094778
2023-100582,2024-10-06,1,Vente,1070604.55,134,,RUE DU PALAIS,33000,33063,BORDEAUX,33,33063000C0087,1,1,Maison,204,10,1102,-0.617376,44.822363
2023-100161,2023-02-19,1,Vente,99269.55,51,,RUE SAINTE CATHERINE,24430,24016,ANNESSE-ET-BEAULIEU,24,24016000E0223,0,2,Appartement,60,3,,0.578091,45.121315
2023-100660,2024-06-17,1,Vente,439532.5,103,,ALLEE DES CHENES,33000,33063,BORDEAUX,33,33063000Z0896,2,2,Appartement,89,3,,-0.595069,44.874616
2023-100764,2025-04-05,1,Vente,305290.75,133,,ALLEE DES CHENES,33000,33063,BORDEAUX,33,33063000A0277,1,1,Maison,72,3,378,-0.544692,44.838325
2023-100511,2024-03-08,1,Vente,227394.47,174,,ALLEE DES CHENES,17300,17300,ROCHEFORT,17,17300000E0420,0,1,Maison,106,4,2318,-0.981841,45.936969
2023-COR-T15,2023-01-27,1,Vente,58230.32,164,,PLACE COLBERT,24430,24016,ANNESSE-ET-BEAULIEU,24,24016000A0569,0,3,Dependance,39,2,,0.551379,45.102092
2023-100485,2023-07-09,1,Vente,128790.83,87,,RUE SAINTE CATHERINE,24430,24016,ANNESSE-ET-BEAULIEU,24,24016000E0185,1,2,Appartement,75,3,,0.553947,45.073793
2023-100162,2023-09-28,1,Vente,164505.39,20,,RUE GAMBETTA,24430,24016,ANNESSE-ET-BEAULIEU,24,24016000B0526,0,1,Maison,106,4,704,0.560047,45.067461
2023-100504,2023-10-19,1,Vente,777532.34,70,,ROUTE DE PERIGUEUX,33000,33063,BORDEAUX,33,33063000Z0302,0,1,Maison,154,7,694,-0.541497,44.866061
2023-COR-S10,2023-05-22,1,Vente,123119.01,12,,IMPASSE DES VIGNES,17300,17300,ROCHEFORT,17,17300000E0362,1,2,Appartement,0,3,,-0.982937,45.922621
2023-100089,2024-03-07,2,Vente,124184.04,126,,AVENUE THIERS,17300,17300,ROCHEFORT,17,17300000C0778,0,2,Appartement,54,3,,-1.000793,45.934206
2023-100475,2023-09-16,1,Vente,271841.55,175,,RUE SAINTE CATHERINE,33000,33063,BORDEAUX,33,33063000D0210,1,1,Maison,81,3,1555,-0.625443,44.815441
2023-100181,2023-01-27,1,Vente,85911.96,61,,IMPASSE DES VIGNES,24430,24016,ANNESSE-ET-BEAULIEU,24,24016000Z0204,0,2,Appartement,68,3,,0.597626,45.061045
2023-100288,2024-06-08,1,Vente,953855.03,93,,RUE GAMBETTA,33000,33063,BORDEAUX,33,33063000D0583,2,1,Maison,182,7,1068,-0.536125,44.861298
2023-100813,2023-06-28,1,Vente,299926.43,146,,RUE DU PALAIS,24430,24016,ANNESSE-ET-BEAULIEU,24,24016000B0845,1,1,Maison,145,5,2137,0.507989,45.098398
2023-100138,2023-04-03,1,Vente,304478.43,147,,ROUTE DE PERIGUEUX,17300,17300,ROCHEFORT,17,17300000C0378,1,1,Maison,128,6,2383,-0.942296,45.980293
2023-100042,2023-05-01,1,Vente,262896.6,108,,PLACE COLBERT,17300,17300,ROCHEFORT,17,17300000E0890,0,1,Maison,108,4,1625,-0.961692,45.957108
2023-100594,2024-09-24,1,Vente,162484.72,96,,PLACE COLBERT,33000,33063,BORDEAUX,33,33063000B0547,0,2,Appartement,48,2,,-0.56015,44.858434
2023-100063,2025-04-09,1,Vente,87424.53,120,,RUE SAINTE CATHERINE,17300,17300,ROCHEFORT,17,17300000B0790,0,2,Appartement,36,2,,-0.970075,45.965887
2023-100655,2025-03-06,1,Vente,916296.04,16,,PLACE COLBERT,33000,33063,BORDEAUX,33,33063000B0718,0,1,Maison,165,5,1014,-0.591462,44.858159
2023-100589,2023-06-08,1,Vente,404339.85,54,,ALLEE DES CHENES,33000,33063,BORDEAUX,33,33063000C0587,2,1,Maison,105,5,2361,-0.566793,44.860103
2023-100888,2024-10-11,1,Vente,48717.48,78,,IMPASSE DES VIGNES,33000,33063,BORDEAUX,33,33063000D0529,2,1,Maison,154,6,2235,-0.61993,44.834877
2023-100025,2025-01-05,1,Vente,80528.01,124,,RUE SAINTE CATHERINE,17300,17300,ROCHEFORT,17,17300000E0982,2,2,Appartement,47,2,,-0.948206,45.919086
2023-100201,2024-04-07,1,Vente,144843.86,134,,PLACE COLBERT,33000,33063,BORDEAUX,33,33063000C0777,0,2,Appartement,34,1,,-0.595769,44.810242
2023-100497,2024-09-25,1,Vente,490579.11,71,,AVENUE THIERS,17300,17300,ROCHEFORT,17,17300000D0211,2,1,Maison,207,7,1671,-0.976786,45.904526
2023-100553,2024-03-07,1,Vente,292583.84,111,,COURS DE L ARGONNE,24430,24016,ANNESSE-ET-BEAULIEU,24,24016000C0387,0,1,Maison,186,8,514,0.517676,45.063877
2023-100388,2023-04-03,1,Vente,128830.48,163,,RUE SAINTE CATHERINE,17300,17300,ROCHEFORT,17,17300000Z0719,1,2,Appartement,47,2,,-1.004405,45.924271
2023-100231,2025-06-02,1,Vente,1289126.93,10,,RUE SAINTE CATHERINE,17300,17300,ROCHEFORT,17,17300000B0978,2,2,Appartement,85,4,,-0.934158,45.925562
2023-100488,2023-10-17,1,Vente,295909.76,91,,IMPASSE DES VIGNES,17300,17300,ROCHEFORT,17,17300000E0129,0,1,Maison,133,6,1658,-0.992627,45.961064
2023-100564,2024-06-26,1,Vente,199527.41,4,,ROUTE DE PERIGUEUX,17300,17300,ROCHEFORT,17,17300000A0711,0,2,Appartement,88,4,,-0.980246,45.974831
2023-COR-V4,2024-11-08,1,Vente,,169,,COURS DE L ARGONNE,33000,33063,BORDEAUX,33,33063000Z0982,0,2,Appartement,35,1,,-0.583369,44.823838
2023-100763,2023-07-23,1,Vente,119165.41,2,,ROUTE DE PERIGUEUX,24430,24016,ANNESSE-ET-BEAULIEU,24,24016000A0297,1,2,Appartement,72,2,,0.522824,45.070988
2023-100768,2024-08-10,1,Vente,85810.01,23,,RUE SAINTE CATHERINE,17300,17300,ROCHEFORT,17,17300000D0409,0,2,Appartement,33,1,,-0.935663,45.91216
2023-COR-T5,2023-11-23,1,Vente,163365.29,132,,PLACE COLBERT,24430,24016,ANNESSE-ET-BEAULIEU,24,24016000Z0689,1,4,Local industriel. commercial ou assimile,101,4,1473,0.558824,45.08127
2023-100550,2023-12-09,1,Vente,374599.18,162,,COURS DE L ARGONNE,33000,33063,BORDEAUX,33,33063000A0362,2,2,Appartement,71,2,,-0.541242,44.836926
2023-100690,2024-04-27,1,Vente,517906.89,35,,ALLEE DES CHENES,17300,17300,ROCHEFORT,17,17300000C0709,0,1,Maison,179,6,2362,-0.971283,45.935569
2023-100391,2024-10-21,1,Vente,83673.02,28,,ROUTE DE PERIGUEUX,24430,24016,ANNESSE-ET-BEAULIEU,24,24016000A0848,1,2,Appartement,42,2,,0.515001,45.086856
2023-100032,2023-09-25,1,Vente,134361.93,95,,ROUTE DE PERIGUEUX,17300,17300,ROCHEFORT,17,17300000C0509,0,2,Appartement,55,2,,-0.95656,45.944496
2023-100376,2024-03-24,1,Vente,168541.99,150,,RUE DU PALAIS,17300,17300,ROCHEFORT,17,17300000C0767,0,2,Appartement,82,3,,-0.944154,45.916777
2023-100505,2023-05-01,1,Vente,205401.55,155,,RUE DU PALAIS,17300,17300,ROCHEFORT,17,17300000E0126,0,1,Maison,96,4,1657,-0.931957,45.910191
2023-100720,2023-12-07,1,Vente,157319.09,83,,ROUTE DE PERIGUEUX,24430,24016,ANNESSE-ET-BEAULIEU,24,24016000B0428,0,1,Maison,99,4,2152,0.590312,45.05784
2023-100561,2023-01-13,1,Vente,61777.83,3,,PLACE COLBERT,24430,24016,ANNESSE-ET-BEAULIEU,24,24016000B0433,0,2,Appartement,30,1,,0.562795,45.092877
2023-100636,2024-07-23,1,Vente,72858.89,8,,RUE GAMBETTA,24430,24016,ANNESSE-ET-BEAULIEU,24,24016000D0669,0,2,Appartement,34,1,,0.562494,45.099634
2023-100394,2025-05-03,1,Vente,479945.86,60,,ROUTE DE PERIGUEUX,17300,17300,ROCHEFORT,17,17300000B0426,0,1,Maison,161,5,745,-0.945566,45.923351
2023-100147,2023-08-05,1,Vente,94553.47,40,,ROUTE DE PERIGUEUX,17300,17300,ROCHEFORT,17,17300000B0572,0,2,Appartement,55,2,,-0.994834,45.913256
2023-100000,2024-03-18,1,Vente,209751.51,171,,ROUTE DE PERIGUEUX,17300,17300,ROCHEFORT,17,17300000A0408,1,2,Appartement,89,4,,-0.92962,45.938791
2023-100202,2024-06-02,1,Vente,187621.6,101,,ALLEE DES CHENES,33000,33063,BORDEAUX,33,33063000D0101,0,2,Appartement,33,1,,-0.556325,44.829653
2023-100587,2024-07-10,1,Vente,300074.74,142,,ALLEE DES CHENES,33000,33063,BORDEAUX,33,33063000B0695,0,2,Appartement,78,3,,-0.595312,44.808218
2023-100013,2024-12-04,1,Vente,251671.2,31,,ALLEE DES CHENES,33000,33063,BORDEAUX,33,33063000Z0084,2,2,Appartement,41,2,,-0.576861,44.859701
2023-COR-S16,2024-10-31,1,Vente,336289.94,59,,AVENUE THIERS,33000,33063,BORDEAUX,33,33063000Z0759,0,1,Maison,0,3,622,-0.625316,44.857687
2023-100041,2023-04-14,1,Vente,78659.66,178,,COURS DE L ARGONNE,24430,24016,ANNESSE-ET-BEAULIEU,24,24016000Z0108,0,2,Appartement,44,2,,0.57341,45.082176
2023-100310,2023-11-02,1,Vente,428174.91,55,,ALLEE DES CHENES,24430,24016,ANNESSE-ET-BEAULIEU,24,24016000B0809,2,1,Maison,195,8,1093,0.510919,45.083265
2023-100214,2024-10-03,1,Vente,311385.43,85,,IMPASSE DES VIGNES,33000,33063,BORDEAUX,33,33063000Z0747,2,2,Appartement,58,2,,-0.565334,44.819643
2023-100291,2024-06-03,1,Vente,143956.25,154,,ROUTE DE PERIGUEUX,17300,17300,ROCHEFORT,17,17300000E0753,0,1,Maison,72,3,1909,-1.005668,45.965146
2023-COR-S20,2024-10-22,1,Vente,179971.59,150,,ROUTE DE PERIGUEUX,17300,17300,ROCHEFORT,17,17300000B0937,0,1,Maison,-12,4,481,-0.968545,45.911979
2023-100423,2023-12-07,1,Vente,83049.53,114,,RUE SAINTE CATHERINE,24430,24016,ANNESSE-ET-BEAULIEU,24,24016000E0142,0,2,Appartement,43,1,,0.516822,45.059123
2023-100453,2024-03-06,1,Vente,487179.02,157,,PLACE COLBERT,33000,33063,BORDEAUX,33,33063000Z0585,2,2,Appartement,91,3,,-0.562867,44.835945
2023-COR-V1,2024-03-03,1,Vente,,58,,AVENUE THIERS,33000,33063,BORDEAUX,33,33063000Z0743,1,2,Appartement,59,2,,-0.55296,44.839571
2023-100842,2024-06-20,1,Vente,67871.6,55,,ALLEE DES CHENES,24430,24016,ANNESSE-ET-BEAULIEU,24,24016000B0479,1,2,Appartement,47,2,,0.507375,45.113226
2023-100502,2024-07-22,1,Vente,318391.43,63,,AVENUE THIERS,33000,33063,BORDEAUX,33,33063000C0171,2,2,Appartement,72,3,,-0.558797,44.854635
2023-100302,2024-07-14,1,Vente,568640.05,40,,ALLEE DES CHENES,33000,33063,BORDEAUX,33,33063000C0642,0,1,Maison,168,7,536,-0.606668,44.806384
2023-100101,2024-04-14,1,Vente,310892.8,130,,ALLEE DES CHENES,17300,17300,ROCHEFORT,17,17300000A0763,0,1,Maison,146,5,1751,-0.932902,45.915402
2023-100121,2023-06-01,1,Vente,117370.6,175,,ALLEE DES CHENES,24430,24016,ANNESSE-ET-BEAULIEU,24,24016000A0941,0,2,Appartement,93,4,,0.534812,45.088402
2023-100855,2024-12-22,1,Vente,215550.09,85,,AVENUE THIERS,24430,24016,ANNESSE-ET-BEAULIEU,24,24016000Z0022,2,1,Maison,101,3,196,0.601619,45.07634
2023-100880,2024-09-20,1,Vente,285274.17,162,,RUE SAINTE CATHERINE,24430,24016,ANNESSE-ET-BEAULIEU,24,24016000Z0344,2,1,Maison,202,8,997,0.552305,45.119049
2023-100771,2024-07-04,1,Vente,140071.28,116,,ROUTE DE PERIGUEUX,24430,24016,ANNESSE-ET-BEAULIEU,24,24016000C0737,0,1,Maison,82,3,1546,0.555792,45.07975
2023-100261,2025-05-10,1,Vente,209666.04,54,,IMPASSE DES VIGNES,17300,17300,ROCHEFORT,17,17300000B0914,0,1,Maison,95,4,1678,-0.918927,45.907596
2023-100270,2024-08-15,1,Vente,82556.57,127,,PLACE COLBERT,17300,17300,ROCHEFORT,17,17300000Z0845,0,2,Appartement,32,1,,-0.985704,45.92109
2023-100331,2023-04-26,1,Vente,273121.14,59,,AVENUE THIERS,33000,33063,BORDEAUX,33,33063000B0516,0,2,Appartement,51,2,,-0.572527,44.867223
2023-100190,2023-10-25,1,Vente,100288.85,55,,ALLEE DES CHENES,17300,17300,ROCHEFORT,17,17300000A0491,0,2,Appartement,37,2,,-1.000264,45.911722
2023-100739,2024-04-16,1,Vente,661754.03,173,,IMPASSE DES VIGNES,33000,33063,BORDEAUX,33,33063000Z0765,1,1,Maison,144,5,2005,-0.554371,44.828568
2023-100728,2024-03-06,1,Vente,166199.29,131,,IMPASSE DES VIGNES,17300,17300,ROCHEFORT,17,17300000E0904,0,2,Appartement,80,4,,-0.921109,45.917812
2023-100457,2023-03-07,1,Vente,545956.47,175,,RUE SAINTE CATHERINE,33000,33063,BORDEAUX,33,33063000D0311,0,2,Appartement,95,4,,-0.57451,44.860912
2023-100769,2023-05-27,1,Vente,223760.24,94,,IMPASSE DES VIGNES,17300,17300,ROCHEFORT,17,17300000Z0717,0,2,Appartement,73,3,,-0.971762,45.918373
2023-100339,2024-10-19,1,Vente,356440.2,5,,RUE SAINTE CATHERINE,17300,17300,ROCHEFORT,17,17300000C0632,0,1,Maison,174,6,2228,-0.966979,45.919316
2023-100829,2024-04-15,1,Vente,250199.78,153,,ALLEE DES CHENES,24430,24016,ANNESSE-ET-BEAULIEU,24,24016000B0367,2,1,Maison,164,6,246,0.536664,45.105709
2023-100495,2024-03-03,1,Vente,2142090.9,58,,AVENUE THIERS,33000,33063,BORDEAUX,33,33063000Z0743,1,2,Appartement,59,2,,-0.55296,44.839571
2023-100529,2025-03-21,1,Vente,62089.2,69,,ALLEE DES CHENES,24430,24016,ANNESSE-ET-BEAULIEU,24,24016000E0394,0,2,Appartement,44,1,,0.523396,45.119864
2023-100699,2024-11-23,1,Vente,78172.42,58,,RUE SAINTE CATHERINE,17300,17300,ROCHEFORT,17,17300000Z0244,1,2,Appartement,31,1,,-0.942683,45.949946
2023-100137,2024-10-11,1,Vente,455064.88,39,,AVENUE THIERS,17300,17300,ROCHEFORT,17,17300000C0327,0,1,Maison,151,5,1002,-0.928318,45.9064
2023-100039,2024-10-13,1,Vente,384552.15,86,,RUE GAMBETTA,33000,33063,BORDEAUX,33,33063000A0716,1,1,Maison,104,4,2337,-0.587661,44.799345
2023-100297,2023-10-08,1,Vente,436291.02,5,,RUE GAMBETTA,33000,33063,BORDEAUX,33,33063000B0306,0,1,Maison,89,3,2014,-0.546838,44.806743
2023-COR-S3,2024-02-12,1,Vente,747066.23,116,,RUE SAINTE CATHERINE,33000,33063,BORDEAUX,33,33063000B0431,0,1,Maison,,6,1094,-0.562972,44.860302
2023-100715,2023-07-11,1,Vente,174603.16,173,,RUE SAINTE CATHERINE,33000,33063,BORDEAUX,33,33063000Z0788,2,2,Appartement,45,2,,-0.535458,44.874572
2023-100130,2023-05-11,1,Vente,245979.88,135,,COURS DE L ARGONNE,24430,24016,ANNESSE-ET-BEAULIEU,24,24016000D0985,1,1,Maison,113,5,1300,0.588602,45.114841
2023-100364,2024-08-21,1,Vente,1159814.04,87,,AVENUE THIERS,33000,33063,BORDEAUX,33,33063000A0095,0,1,Maison,203,7,317,-0.577115,44.838893
2023-100897,2024-01-10,1,Vente,97007.66,175,,AVENUE THIERS,24430,24016,ANNESSE-ET-BEAULIEU,24,24016000Z0244,2,2,Appartement,48,2,,0.60319,45.06987
2023-COR-XL2,2023-11-01,1,Vente,155632.56,4,,AVENUE THIERS,24430,24016,ANNESSE-ET-BEAULIEU,24,24016000E0499,1,2,Appartement,9251,3,,0.535735,45.126235
2023-100322,2024-10-25,1,Vente,972862.55,24,,AVENUE THIERS,33000,33063,BORDEAUX,33,33063000A0894,2,1,Maison,204,8,261,-0.582658,44.86188
2023-100887,2023-12-30,1,Vente,420574.96,58,,RUE DU PALAIS,33000,33063,BORDEAUX,33,33063000Z0399,1,2,Appartement,89,4,,-0.547926,44.80466
2023-100682,2023-09-16,1,Vente,159572.67,14,,ALLEE DES CHENES,17300,17300,ROCHEFORT,17,17300000E0222,1,2,Appartement,53,2,,-0.984617,45.972981
2023-COR-T17,2024-10-22,1,Vente,297726.12,119,,RUE GAMBETTA,17300,17300,ROCHEFORT,17,17300000C0543,0,3,Dependance,99,4,1457,-0.997339,45.966292
2023-100372,2023-09-17,1,Vente,265378.89,150,,PLACE COLBERT,24430,24016,ANNESSE-ET-BEAULIEU,24,24016000Z0313,1,1,Maison,151,5,123,0.588667,45.082379
2023-100368,2024-05-09,1,Vente,152327.88,155,,AVENUE THIERS,24430,24016,ANNESSE-ET-BEAULIEU,24,24016000C0207,0,2,Appartement,85,4,,0.508419,45.122114
2023-100656,2025-05-28,1,Vente,159983.02,15,,IMPASSE DES VIGNES,24430,24016,ANNESSE-ET-BEAULIEU,24,24016000E0612,1,2,Appartement,91,3,,0.544922,45.10574
2023-100320,2024-11-04,1,Vente,202611.68,97,,AVENUE THIERS,17300,17300,ROCHEFORT,17,17300000Z0543,0,2,Appartement,88,3,,-0.956551,45.904035
2023-100889,2024-02-14,1,Vente,128458.81,169,,ALLEE DES CHENES,24430,24016,ANNESSE-ET-BEAULIEU,24,24016000A0435,0,2,Appartement,83,3,,0.599997,45.109705
2023-100674,2024-07-28,1,Vente,280697.62,158,,PLACE COLBERT,24430,24016,ANNESSE-ET-BEAULIEU,24,24016000E0364,0,1,Maison,192,8,1474,0.517986,45.118539
2023-100586,2024-07-26,1,Vente,100518.87,92,,RUE GAMBETTA,24430,24016,ANNESSE-ET-BEAULIEU,24,24016000E0752,1,2,Appartement,54,2,,0.561426,45.093722
2023-100038,2024-03-21,1,Vente,64326.66,128,,RUE SAINTE CATHERINE,24430,24016,ANNESSE-ET-BEAULIEU,24,24016000E0928,1,2,Appartement,34,1,,0.580635,45.0471
2023-100852,2024-01-16,1,Vente,636966.73,43,,PLACE COLBERT,33000,33063,BORDEAUX,33,33063000C0464,2,1,Maison,176,8,1355,-0.57693,44.811786
2023-100534,2024-05-07,1,Vente,279299.29,99,,RUE SAINTE CATHERINE,33000,33063,BORDEAUX,33,33063000A0564,2,2,Appartement,71,3,,-0.544591,44.806973
2023-100723,2023-05-18,1,Vente,209807.43,14,,COURS DE L ARGONNE,24430,24016,ANNESSE-ET-BEAULIEU,24,24016000E0684,0,2,Appartement,95,3,,0.508657,45.078105
2023-100422,2024-04-12,1,Vente,283550.78,99,,PLACE COLBERT,17300,17300,ROCHEFORT,17,17300000D0300,0,2,Appartement,93,3,,-0.980858,45.970437
2023-100058,2023-08-18,1,Vente,100674.3,43,,AVENUE THIERS,24430,24016,ANNESSE-ET-BEAULIEU,24,24016000B0081,0,2,Appartement,58,3,,0.578519,45.059228
2023-100379,2023-01-08,1,Vente,307315.5,3,,AVENUE THIERS,33000,33063,BORDEAUX,33,33063000Z0816,0,2,Appartement,52,2,,-0.561594,44.8348
2023-100790,2025-04-16,1,Vente,274790.18,57,,RUE DU PALAIS,24430,24016,ANNESSE-ET-BEAULIEU,24,24016000D0050,1,1,Maison,187,7,648,0.56778,45.122279
2023-100711,2023-06-10,1,Vente,128564.1,144,,RUE GAMBETTA,17300,17300,ROCHEFORT,17,17300000E0757,1,2,Appartement,50,2,,-0.960342,45.973676
2023-100830,2023-10-12,1,Vente,212590.49,142,,RUE GAMBETTA,17300,17300,ROCHEFORT,17,17300000A0904,2,1,Maison,72,3,1122,-0.954505,45.980408
2023-100384,2023-12-21,1,Vente,520673.05,140,,RUE SAINTE CATHERINE,33000,33063,BORDEAUX,33,33063000A0930,2,2,Appartement,88,3,,-0.568692,44.86999
2023-100525,2024-12-16,1,Vente,430121.67,137,,PLACE COLBERT,33000,33063,BORDEAUX,33,33063000Z0674,1,2,Appartement,91,3,,-0.604228,44.806359
2023-100664,2024-02-24,1,Vente,540272.82,160,,RUE SAINTE CATHERINE,17300,17300,ROCHEFORT,17,17300000E0144,2,1,Maison,185,7,2033,-0.95849,45.919817
2023-100305,2024-01-13,1,Vente,10847.53,101,,ALLEE DES CHENES,24430,24016,ANNESSE-ET-BEAULIEU,24,24016000A0854,0,1,Maison,111,5,1390,0.544256,45.065191
2023-COR-T10,2024-04-06,1,Vente,197802.03,116,,COURS DE L ARGONNE,17300,17300,ROCHEFORT,17,17300000D0843,0,4,Dependance,81,4,,-0.985055,45.910976
2023-100139,2024-07-12,1,Vente,243378.11,28,,RUE DU PALAIS,33000,33063,BORDEAUX,33,33063000D0029,1,2,Appartement,60,3,,-0.547513,44.855378
2023-100781,2023-05-20,1,Vente,526904.64,20,,AVENUE THIERS,33000,33063,BORDEAUX,33,33063000D0743,0,1,Maison,130,6,131,-0.581049,44.803488
2023-100882,2025-02-03,1,Vente,77610.09,73,,ROUTE DE PERIGUEUX,24430,24016,ANNESSE-ET-BEAULIEU,24,24016000C0727,2,2,Appartement,52,2,,0.590395,45.072768
2023-100236,2024-01-06,1,Vente,238153.58,76,,RUE GAMBETTA,17300,17300,ROCHEFORT,17,17300000C0210,2,2,Appartement,89,3,,-0.917453,45.940039
2023-100199,2024-06-04,1,Vente,152932.92,179,,RUE GAMBETTA,24430,24016,ANNESSE-ET-BEAULIEU,24,24016000C0234,2,1,Maison,110,4,1251,0.589699,45.109806
2023-100772,2025-02-02,1,Vente,529215.56,97,,ROUTE DE PERIGUEUX,17300,17300,ROCHEFORT,17,17300000Z0968,0,1,Maison,186,6,2141,-0.995646,45.948767
2023-100102,2023-03-10,1,Vente,122032.36,47,,COURS DE L ARGONNE,24430,24016,ANNESSE-ET-BEAULIEU,24,24016000Z0018,2,1,Maison,89,4,308,0.579396,45.113209
2023-COR-XL0,2023-09-30,1,Vente,1352953.72,122,,RUE SAINTE CATHERINE,17300,17300,ROCHEFORT,17,17300000Z0718,0,2,Appartement,3328,3,,-0.955885,45.910558
2023-100198,2025-06-14,1,Vente,347289.33,74,,ROUTE DE PERIGUEUX,33000,33063,BORDEAUX,33,33063000C0082,0,1,Maison,84,4,908,-0.544998,44.818732
2023-100835,2024-04-26,1,Vente,9749.73,70,,ALLEE DES CHENES,24430,24016,ANNESSE-ET-BEAULIEU,24,24016000A0143,0,2,Appartement,44,2,,0.54018,45.103928
2023-100510,2023-11-27,1,Vente,63589.55,31,,ALLEE DES CHENES,24430,24016,ANNESSE-ET-BEAULIEU,24,24016000D0417,0,2,Appartement,41,2,,0.522163,45.053884
2023-100851,2023-02-01,1,Vente,93645.3,104,,COURS DE L ARGONNE,17300,17300,ROCHEFORT,17,17300000D0012,0,2,Appartement,48,2,,-0.969034,45.970967
2023-100316,2023-11-13,1,Vente,715681.63,136,,RUE GAMBETTA,33000,33063,BORDEAUX,33,33063000E0653,0,1,Maison,207,8,460,-0.611558,44.864428
2023-100304,2024-10-04,1,Vente,182042.63,77,,ROUTE DE PERIGUEUX,24430,24016,ANNESSE-ET-BEAULIEU,24,24016000C0052,0,1,Maison,96,4,2370,0.54232,45.098805
2023-100766,2024-06-28,1,Vente,99487.28,138,,RUE SAINTE CATHERINE,24430,24016,ANNESSE-ET-BEAULIEU,24,24016000A0250,0,1,Maison,82,3,564,0.525607,45.103079
2023-100785,2023-04-12,1,Vente,571410.42,84,,ROUTE DE PERIGUEUX,17300,17300,ROCHEFORT,17,17300000C0305,0,1,Maison,190,6,197,-0.997129,45.912119
2023-100028,2023-04-24,2,Vente,22495.18,177,,COURS DE L ARGONNE,17300,17300,ROCHEFORT,17,17300000A0575,2,1,Maison,166,6,181,-0.991387,45.920294
2023-100601,2023-06-18,1,Vente,156026.69,48,,ALLEE DES CHENES,24430,24016,ANNESSE-ET-BEAULIEU,24,24016000B0292,0,1,Maison,89,4,760,0.533445,45.105376
2023-100444,2024-02-08,1,Vente,792998.4,147,,ALLEE DES CHENES,33000,33063,BORDEAUX,33,33063000D0965,0,1,Maison,182,6,1669,-0.583569,44.840701
2023-100659,2023-04-01,1,Vente,77219.46,147,,COURS DE L ARGONNE,24430,24016,ANNESSE-ET-BEAULIEU,24,24016000A0520,0,2,Appartement,51,2,,0.568226,45.053578
2023-100566,2023-11-12,1,Vente,1199556.3,111,,RUE GAMBETTA,24430,24016,ANNESSE-ET-BEAULIEU,24,24016000D0458,2,2,Appartement,74,3,,0.559115,45.089062
2023-100593,2024-11-14,1,Vente,225597.84,15,,IMPASSE DES VIGNES,17300,17300,ROCHEFORT,17,17300000Z0354,1,2,Appartement,74,2,,-0.993659,45.902585
2023-100745,2024-05-31,1,Vente,75723.34,74,,RUE DU PALAIS,24430,24016,ANNESSE-ET-BEAULIEU,24,24016000D0893,0,2,Appartement,42,1,,0.508536,45.082069
2023-100061,2023-03-01,1,Vente,346496.1,180,,RUE GAMBETTA,33000,33063,BORDEAUX,33,33063000C0483,0,2,Appartement,60,2,,-0.57701,44.818035
2023-100004,2024-01-20,1,Vente,168592.68,41,,COURS DE L ARGONNE,24430,24016,ANNESSE-ET-BEAULIEU,24,24016000A0339,1,1,Maison,107,4,319,0.530342,45.108438
2023-COR-XL5,2024-11-13,1,Vente,348717.52,100,,AVENUE THIERS,33000,33063,BORDEAUX,33,33063000E0386,0,2,Appartement,5158,4,,-0.597494,44.802885
2023-100638,2023-01-07,1,Vente,168673.06,41,,IMPASSE DES VIGNES,33000,33063,BORDEAUX,33,33063000B0411,0,2,Appartement,41,2,,-0.623255,44.819903
2023-100134,2024-04-01,1,Vente,86233.3,95,,AVENUE THIERS,17300,17300,ROCHEFORT,17,17300000C0807,0,2,Appartement,40,1,,-1.001908,45.917771
2023-100432,2023-02-14,1,Vente,204467.13,76,,ALLEE DES CHENES,33000,33063,BORDEAUX,33,33063000A0536,2,2,Appartement,42,2,,-0.544831,44.798703
2023-100452,2024-07-05,1,Vente,60717.17,22,,RUE GAMBETTA,24430,24016,ANNESSE-ET-BEAULIEU,24,24016000E0266,1,2,Appartement,42,2,,0.599642,45.072378
2023-100272,2023-07-29,1,Vente,227093.68,139,,ALLEE DES CHENES,17300,17300,ROCHEFORT,17,17300000D0191,0,2,Appartement,83,4,,-0.933126,45.902705
2023-100370,2024-12-10,1,Vente,942989.69,31,,RUE GAMBETTA,33000,33063,BORDEAUX,33,33063000A0759,0,1,Maison,176,6,578,-0.554227,44.848567
2023-100023,2023-08-09,1,Vente,91371.93,16,,RUE DU PALAIS,24430,24016,ANNESSE-ET-BEAULIEU,24,24016000B0564,0,2,Appartement,46,2,,0.57088,45.120774
2023-100224,2023-09-07,1,Vente,302336.91,178,,PLACE COLBERT,33000,33063,BORDEAUX,33,33063000C0653,1,1,Maison,70,3,1966,-0.563568,44.84637
2023-100312,2023-04-09,1,Vente,363041.53,77,,RUE SAINTE CATHERINE,24430,24016,ANNESSE-ET-BEAULIEU,24,24016000Z0928,0,1,Maison,194,8,226,0.596201,45.057135
2023-100754,2024-10-26,1,Vente,274840.31,105,,RUE DU PALAIS,17300,17300,ROCHEFORT,17,17300000E0136,0,1,Maison,117,4,253,-0.960645,45.949996
2023-100152,2024-08-25,1,Vente,180060.75,21,,ALLEE DES CHENES,24430,24016,ANNESSE-ET-BEAULIEU,24,24016000E0073,0,2,Appartement,95,4,,0.556977,45.06778
2023-100595,2023-04-25,1,Vente,96673.12,158,,ROUTE DE PERIGUEUX,24430,24016,ANNESSE-ET-BEAULIEU,24,24016000A0020,0,2,Appartement,75,3,,0.520255,45.063675
2023-100533,2025-01-31,1,Vente,69220.73,164,,ALLEE DES CHENES,17300,17300,ROCHEFORT,17,17300000C0095,0,2,Appartement,31,1,,-0.941425,45.949814
2023-100065,2023-01-26,1,Vente,217204.69,3,,RUE SAINTE CATHERINE,17300,17300,ROCHEFORT,17,17300000D0889,2,2,Appartement,70,2,,-0.939424,45.929451
2023-100283,2024-03-05,1,Vente,632178.34,31,,RUE GAMBETTA,33000,33063,BORDEAUX,33,33063000B0023,0,1,Maison,130,6,1010,-0.532138,44.857649
2023-100610,2023-09-08,1,Vente,114930.16,43,,COURS DE L ARGONNE,17300,17300,ROCHEFORT,17,17300000A0178,2,2,Appartement,49,2,,-0.972052,45.979962
2023-100211,2023-10-19,1,Vente,155385.82,15,,AVENUE THIERS,17300,17300,ROCHEFORT,17,17300000C0990,0,2,Appartement,65,3,,-0.932873,45.910528
2023-100262,2025-03-12,1,Vente,223432.81,87,,RUE DU PALAIS,17300,17300,ROCHEFORT,17,17300000E0565,2,1,Maison,76,3,2223,-0.944885,45.901404
2023-100840,2023-12-22,1,Vente,321474.86,138,,ROUTE DE PERIGUEUX,17300,17300,ROCHEFORT,17,17300000C0383,0,1,Maison,155,5,1055,-0.918112,45.938128
2023-100089,2024-03-07,1,Vente,124184.04,126,,AVENUE THIERS,17300,17300,ROCHEFORT,17,17300000C0778,0,2,Appartement,54,3,,-1.000793,45.934206
2023-100758,2023-07-20,1,Vente,389936.3,153,,ROUTE DE PERIGUEUX,17300,17300,ROCHEFORT,17,17300000E0574,2,1,Maison,184,8,656,-0.91294,45.920182
2023-100016,2024-09-12,1,Vente,225644.13,160,,PLACE COLBERT,33000,33063,BORDEAUX,33,33063000Z0210,0,2,Appartement,68,2,,-0.543943,44.844344
2023-100385,2025-03-02,1,Vente,356876.14,83,,ALLEE DES CHENES,17300,17300,ROCHEFORT,17,17300000D0780,2,1,Maison,149,5,1233,-0.945406,45.920018
2023-100476,2023-09-03,1,Vente,240243.16,78,,RUE SAINTE CATHERINE,33000,33063,BORDEAUX,33,33063000Z0912,0,2,Appartement,42,2,,-0.555147,44.860387
2023-100537,2023-09-04,1,Vente,146168.39,149,,PLACE COLBERT,24430,24016,ANNESSE-ET-BEAULIEU,24,24016000B0968,0,2,Appartement,73,3,,0.57273,45.098567
2023-100512,2023-01-24,1,Vente,353455.73,36,,AVENUE THIERS,33000,33063,BORDEAUX,33,33063000B0593,0,2,Appartement,73,3,,-0.625621,44.84736
2023-100482,2023-10-22,1,Vente,169617.59,22,,RUE SAINTE CATHERINE,17300,17300,ROCHEFORT,17,17300000D0007,1,1,Maison,73,3,2050,-1.005384,45.96665
2023-100459,2024-12-02,1,Vente,366453.78,63,,AVENUE THIERS,17300,17300,ROCHEFORT,17,17300000C0971,0,1,Maison,138,6,474,-0.932867,45.97259
2023-100802,2025-06-17,1,Vente,139317.1,177,,RUE GAMBETTA,24430,24016,ANNESSE-ET-BEAULIEU,24,24016000A0570,1,2,Appartement,80,3,,0.5125,45.088361
2023-100845,2023-04-24,1,Vente,188738.76,129,,IMPASSE DES VIGNES,17300,17300,ROCHEFORT,17,17300000D0262,2,2,Appartement,87,4,,-0.938474,45.954971
2023-100653,2024-01-20,1,Vente,491587.12,71,,RUE GAMBETTA,17300,17300,ROCHEFORT,17,17300000D0861,2,1,Maison,204,8,1336,-1.011213,45.976993
2023-COR-V11,2023-11-05,1,Vente,,25,,PLACE COLBERT,24430,24016,ANNESSE-ET-BEAULIEU,24,24016000B0792,1,2,Appartement,80,4,,0.540495,45.087601
2023-100131,2025-03-12,1,Vente,91478.02,8,,IMPASSE DES VIGNES,17300,17300,ROCHEFORT,17,17300000A0118,1,2,Appartement,44,2,,-0.931664,45.976393
2023-COR-D2,n/a,1,Vente,71406.5,90,,RUE SAINTE CATHERINE,24430,24016,ANNESSE-ET-BEAULIEU,24,24016000A0496,0,2,Appartement,42,2,,0.542088,45.122721
2023-100325,2023-02-21,1,Vente,120663.15,96,,COURS DE L ARGONNE,17300,17300,ROCHEFORT,17,17300000C0410,0,2,Appartement,51,2,,-0.966412,45.911874
2023-100168,2024-08-16,1,Vente,237368.43,67,,PLACE COLBERT,24430,24016,ANNESSE-ET-BEAULIEU,24,24016000E0667,0,1,Maison,135,6,2014,0.507174,45.094556
2023-100783,2023-08-25,1,Vente,283852.55,29,,AVENUE THIERS,17300,17300,ROCHEFORT,17,17300000A0417,0,1,Maison,103,4,358,-0.991452,45.965181
2023-COR-XL4,2024-06-06,1,Vente,329304.01,58,,IMPASSE DES VIGNES,24430,24016,ANNESSE-ET-BEAULIEU,24,24016000B0152,2,1,Maison,5515,7,1060,0.510544,45.097992
2023-100602,2023-07-17,1,Vente,809179.15,160,,RUE GAMBETTA,33000,33063,BORDEAUX,33,33063000D0738,1,1,Maison,203,7,2188,-0.579714,44.846553
2023-100704,2024-03-14,1,Vente,333596.65,36,,RUE GAMBETTA,33000,33063,BORDEAUX,33,33063000D0216,1,2,Appartement,81,3,,-0.529354,44.804747
2023-100632,2024-09-06,1,Vente,82595.03,67,,ALLEE DES CHENES,24430,24016,ANNESSE-ET-BEAULIEU,24,24016000A0637,0,2,Appartement,56,2,,0.524634,45.076205
2023-100784,2024-12-05,1,Vente,90086.23,128,,PLACE COLBERT,17300,17300,ROCHEFORT,17,17300000B0176,2,2,Appartement,37,2,,-0.932198,45.922414
2023-100003,2023-01-29,1,Vente,120250.43,41,,RUE DU PALAIS,17300,17300,ROCHEFORT,17,17300000B0531,2,2,Appartement,67,3,,-0.974515,45.903792
2023-100703,2023-04-02,1,Vente,505594.53,150,,RUE DU PALAIS,33000,33063,BORDEAUX,33,33063000A0720,2,2,Appartement,87,3,,-0.602548,44.807376
2023-100083,2023-11-12,1,Vente,415935.38,13,,COURS DE L ARGONNE,24430,24016,ANNESSE-ET-BEAULIEU,24,24016000D0804,0,1,Maison,193,8,693,0.582458,45.102042
2023-100176,2024-12-12,1,Vente,120088.4,177,,RUE SAINTE CATHERINE,24430,24016,ANNESSE-ET-BEAULIEU,24,24016000A0540,0,2,Appartement,76,3,,0.553921,45.053973
2023-100415,2025-05-03,1,Vente,505414.47,9,,COURS DE L ARGONNE,33000,33063,BORDEAUX,33,33063000E0149,0,2,Appartement,84,4,,-0.530783,44.855115
2023-100338,2024-09-08,1,Vente,194270.95,150,,ROUTE DE PERIGUEUX,24430,24016,ANNESSE-ET-BEAULIEU,24,24016000B0560,0,1,Maison,88,3,2317,0.531508,45.114564
2023-100389,2025-02-23,1,Vente,103310.64,101,,RUE GAMBETTA,24430,24016,ANNESSE-ET-BEAULIEU,24,24016000A0130,1,2,Appartement,80,4,,0.578546,45.054355
2023-100263,2025-02-07,1,Vente,269044.72,54,,ALLEE DES CHENES,33000,33063,BORDEAUX,33,33063000C0423,1,1,Maison,81,3,1720,-0.624077,44.849099
2023-100348,2023-08-13,1,Vente,684791.65,128,,RUE GAMBETTA,33000,33063,BORDEAUX,33,33063000Z0255,0,1,Maison,141,5,2369,-0.555717,44.799437
2023-COR-T19,2024-11-08,1,Vente,138973.81,169,,COURS DE L ARGONNE,33000,33063,BORDEAUX,33,33063000Z0982,0,3,Dependance,35,1,,-0.583369,44.823838
2023-100267,2025-06-05,1,Vente,185499.19,121,,ROUTE DE PERIGUEUX,33000,33063,BORDEAUX,33,33063000E0907,0,2,Appartement,51,2,,-0.62442,44.864018
2023-100623,2023-06-20,1,Vente,1121171.59,139,,PLACE COLBERT,33000,33063,BORDEAUX,33,33063000E0174,1,1,Maison,204,8,1317,-0.538491,44.854672
2023-100575,2025-04-05,1,Vente,267446.88,137,,ROUTE DE PERIGUEUX,17300,17300,ROCHEFORT,17,17300000C0340,0,1,Maison,123,4,1520,-0.953878,45.950304
2023-100879,2025-03-29,1,Vente,33466.42,113,,RUE SAINTE CATHERINE,24430,24016,ANNESSE-ET-BEAULIEU,24,24016000B0180,1,2,Appartement,28,1,,0.544957,45.061177
2023-100463,2025-05-11,1,Vente,885233.56,34,,AVENUE THIERS,33000,33063,BORDEAUX,33,33063000E0568,1,1,Maison,149,5,1745,-0.627641,44.841185
2023-100798,2024-06-02,1,Vente,138092.69,70,,PLACE COLBERT,24430,24016,ANNESSE-ET-BEAULIEU,24,24016000E0896,0,2,Appartement,95,5,,0.565758,45.079101
2023-COR-T0,2024-02-24,1,Vente,,8,,ROUTE DE PERIGUEUX,33000,33063,BORDEAUX,33,33063000D0692,1,4,Local industriel. commercial ou assimile,66,2,,-0.590852,44.869645
2023-100265,2023-04-24,1,Vente,114946.26,85,,RUE GAMBETTA,24430,24016,ANNESSE-ET-BEAULIEU,24,24016000E0159,0,2,Appartement,84,4,,0.51003,45.108767
2023-100197,2025-03-21,1,Vente,172518.08,147,,RUE GAMBETTA,24430,24016,ANNESSE-ET-BEAULIEU,24,24016000C0661,0,1,Maison,85,3,1381,0.601726,45.090402
2023-COR-S19,2024-04-07,1,Vente,144843.86,134,,PLACE COLBERT,33000,33063,BORDEAUX,33,33063000C0777,0,2,Appartement,-12,1,,-0.595769,44.810242
2023-100645,2023-08-11,1,Vente,112353.55,128,,COURS DE L ARGONNE,17300,17300,ROCHEFORT,17,17300000E0166,2,2,Appartement,40,1,,-0.940491,45.944543
2023-100340,2023-04-24,1,Vente,406197.32,118,,AVENUE THIERS,33000,33063,BORDEAUX,33,33063000B0148,0,2,Appartement,87,4,,-0.532515,44.866111
2023-100323,2024-03-01,1,Vente,74464.89,10,,PLACE COLBERT,24430,24016,ANNESSE-ET-BEAULIEU,24,24016000A0360,0,2,Appartement,56,2,,0.53162,45.059181
2023-100450,2025-03-14,1,Vente,47162.1,108,,ALLEE DES CHENES,24430,24016,ANNESSE-ET-BEAULIEU,24,24016000Z0980,0,2,Appartement,33,1,,0.513567,45.056923
2023-100574,2024-12-08,1,Vente,145036.48,5,,AVENUE THIERS,33000,33063,BORDEAUX,33,33063000B0507,0,2,Appartement,28,1,,-0.588001,44.82026
2023-100523,2023-08-01,1,Vente,117982.4,65,,RUE DU PALAIS,17300,17300,ROCHEFORT,17,17300000E0598,0,2,Appartement,68,2,,-0.958735,45.946568
2023-100666,2024-10-22,1,Vente,179971.59,150,,ROUTE DE PERIGUEUX,17300,17300,ROCHEFORT,17,17300000B0937,0,1,Maison,87,4,481,-0.968545,45.911979
2023-COR-S6,2023-08-25,1,Vente,275108.7,5,,RUE SAINTE CATHERINE,24430,24016,ANNESSE-ET-BEAULIEU,24,24016000A0930,2,1,Maison,-12,9,1278,0.547863,45.124156
2023-100846,2025-03-03,1,Vente,579517.55,87,,AVENUE THIERS,33000,33063,BORDEAUX,33,33063000B0580,0,1,Maison,117,4,1246,-0.557859,44.846092
2023-100174,2025-02-14,1,Vente,593651.73,170,,PLACE COLBERT,33000,33063,BORDEAUX,33,33063000C0549,0,1,Maison,172,6,505,-0.561689,44.81623
2023-100110,2025-03-18,1,Vente,503181.36,89,,RUE GAMBETTA,33000,33063,BORDEAUX,33,33063000B0417,0,1,Maison,130,6,909,-0.596284,44.846101
2023-100853,2024-07-17,1,Vente,158907.23,33,,RUE DU PALAIS,24430,24016,ANNESSE-ET-BEAULIEU,24,24016000D0931,1,1,Maison,122,6,468,0.580209,45.051416
2023-100898,2023-10-22,1,Vente,166586.29,93,,AVENUE THIERS,33000,33063,BORDEAUX,33,33063000E0485,2,2,Appartement,40,2,,-0.599351,44.799174
2023-COR-V12,2023-04-12,1,Vente,,84,,ROUTE DE PERIGUEUX,17300,17300,ROCHEFORT,17,17300000C0305,0,1,Maison,190,6,197,-0.997129,45.912119
2023-100327,2025-01-14,1,Vente,123729.54,108,,AVENUE THIERS,24430,24016,ANNESSE-ET-BEAULIEU,24,24016000B0408,1,2,Appartement,67,3,,0.526273,45.077125
2023-100462,2025-06-03,1,Vente,72687.37,1,,RUE GAMBETTA,24430,24016,ANNESSE-ET-BEAULIEU,24,24016000E0266,1,2,Appartement,35,1,,0.598807,45.047252
2023-100454,2024-07-20,1,Vente,216335.77,89,,PLACE COLBERT,17300,17300,ROCHEFORT,17,17300000A0840,1,2,Appartement,80,3,,-0.912923,45.954074
2023-100796,2024-08-24,1,Vente,342032.09,5,,RUE DU PALAIS,33000,33063,BORDEAUX,33,33063000C0965,0,2,Appartement,93,3,,-0.576912,44.854473
2023-100530,2024-04-06,1,Vente,197802.03,116,,COURS DE L ARGONNE,17300,17300,ROCHEFORT,17,17300000D0843,0,2,Appartement,81,4,,-0.985055,45.910976
2023-100445,2024-02-28,1,Vente,130035.49,67,,ROUTE DE PERIGUEUX,24430,24016,ANNESSE-ET-BEAULIEU,24,24016000D0259,2,1,Maison,74,3,852,0.556757,45.048678
2023-100833,2023-12-12,1,Vente,70009.44,3,,ROUTE DE PERIGUEUX,24430,24016,ANNESSE-ET-BEAULIEU,24,24016000C0700,0,2,Appartement,40,2,,0.528384,45.125019
2023-100615,2023-02-12,1,Vente,288802.1,20,,COURS DE L ARGONNE,24430,24016,ANNESSE-ET-BEAULIEU,24,24016000A0489,2,1,Maison,197,7,1715,0.510659,45.091589
2023-100012,2025-06-16,1,Vente,110464.82,15,,AVENUE THIERS,17300,17300,ROCHEFORT,17,17300000D0176,0,2,Appartement,61,3,,-0.984884,45.974088
2023-100464,2024-01-28,1,Vente,145313.18,26,,RUE GAMBETTA,24430,24016,ANNESSE-ET-BEAULIEU,24,24016000A0958,0,2,Appartement,83,3,,0.531916,45.087395
2023-100468,2023-12-09,1,Vente,958917.07,152,,RUE GAMBETTA,33000,33063,BORDEAUX,33,33063000Z0551,2,1,Maison,189,8,993,-0.574548,44.871831
2023-100362,2024-07-26,1,Vente,194361.52,45,,RUE DU PALAIS,17300,17300,ROCHEFORT,17,17300000Z0719,0,1,Maison,71,2,2098,-0.956859,45.909702
2023-100308,2023-03-31,1,Vente,46369.24,158,,ALLEE DES CHENES,24430,24016,ANNESSE-ET-BEAULIEU,24,24016000E0883,0,2,Appartement,29,1,,0.536149,45.112646
2023-100212,2023-08-29,1,Vente,242025.21,38,,COURS DE L ARGONNE,17300,17300,ROCHEFORT,17,17300000A0984,2,1,Maison,129,4,387,-0.977639,45.906526
2023-100243,2023-04-09,1,Vente,126688.37,88,,PLACE COLBERT,24430,24016,ANNESSE-ET-BEAULIEU,24,24016000E0370,0,1,Maison,88,4,904,0.544271,45.114982
2023-100612,2023-03-22,1,Vente,1090575.67,142,,RUE DU PALAIS,33000,33063,BORDEAUX,33,33063000D0243,0,1,Maison,178,7,1705,-0.615523,44.844799
2023-100282,2024-09-14,2,Vente,268112.95,107,,ALLEE DES CHENES,33000,33063,BORDEAUX,33,33063000A0855,2,2,Appartement,58,2,,-0.568152,44.82121
2023-100712,2024-08-24,1,Vente,176637.99,110,,PLACE COLBERT,33000,33063,BORDEAUX,33,33063000D0520,0,2,Appartement,30,1,,-0.540929,44.876603
2023-100244,2023-02-22,1,Vente,428361.6,14,,RUE GAMBETTA,33000,33063,BORDEAUX,33,33063000C0770,0,2,Appartement,77,3,,-0.567479,44.848937
2023-100238,2025-05-12,1,Vente,306799.57,117,,COURS DE L ARGONNE,33000,33063,BORDEAUX,33,33063000E0381,2,2,Appartement,91,4,,-0.552215,44.870645
2023-100438,2023-08-20,1,Vente,1256474.97,57,,PLACE COLBERT,33000,33063,BORDEAUX,33,33063000A0846,0,1,Maison,206,9,1609,-0.547909,44.817894
2023-100521,2023-03-28,1,Vente,159244.67,142,,RUE GAMBETTA,17300,17300,ROCHEFORT,17,17300000E0250,0,2,Appartement,78,3,,-1.002711,45.910804
2023-100893,2023-04-11,1,Vente,871459.4,158,,RUE SAINTE CATHERINE,33000,33063,BORDEAUX,33,33063000A0431,0,1,Maison,152,7,352,-0.618402,44.810914
2023-100717,2024-06-30,1,Vente,146341.31,89,,IMPASSE DES VIGNES,17300,17300,ROCHEFORT,17,17300000D0135,0,1,Maison,72,2,781,-0.992865,45.927332
2023-COR-XL1,2024-10-19,1,Vente,67232.64,70,,IMPASSE DES VIGNES,24430,24016,ANNESSE-ET-BEAULIEU,24,24016000B0253,2,2,Appartement,8783,2,,0.598387,45.119618
2023-100782,2024-05-30,1,Vente,1050296.9,136,,RUE SAINTE CATHERINE,33000,33063,BORDEAUX,33,33063000C0138,1,1,Maison,174,7,1015,-0.561866,44.805112
2023-COR-T11,2025-01-05,1,Vente,80528.01,124,,RUE SAINTE CATHERINE,17300,17300,ROCHEFORT,17,17300000E0982,2,3,Dependance,47,2,,-0.948206,45.919086
2023-100743,2024-10-27,1,Vente,532281.38,117,,RUE GAMBETTA,33000,33063,BORDEAUX,33,33063000B0378,1,1,Maison,118,4,2197,-0.556455,44.839039
2023-100542,2024-04-23,1,Vente,784834.62,169,,AVENUE THIERS,33000,33063,BORDEAUX,33,33063000E0820,0,1,Maison,176,9,1057,-0.611408,44.847549
2023-100081,2023-06-13,1,Vente,217216.8,16,,RUE SAINTE CATHERINE,24430,24016,ANNESSE-ET-BEAULIEU,24,24016000B0637,0,1,Maison,163,7,813,0.600313,45.113789
2023-100418,2023-08-21,1,Vente,152511.51,136,,IMPASSE DES VIGNES,17300,17300,ROCHEFORT,17,17300000C0876,0,2,Appartement,60,2,,-0.937095,45.963198
2023-100742,2023-02-23,1,Vente,179240.68,122,,AVENUE THIERS,17300,17300,ROCHEFORT,17,17300000B0630,0,2,Appartement,77,3,,-1.010073,45.964718
2023-100150,2024-06-01,1,Vente,39451.83,172,,ALLEE DES CHENES,24430,24016,ANNESSE-ET-BEAULIEU,24,24016000Z0852,0,2,Appartement,31,1,,0.550528,45.051613
2023-100337,2023-09-30,1,Vente,1352953.72,122,,RUE SAINTE CATHERINE,17300,17300,ROCHEFORT,17,17300000Z0718,0,2,Appartement,71,3,,-0.955885,45.910558
2023-100342,2024-08-03,1,Vente,141210.72,67,,PLACE COLBERT,17300,17300,ROCHEFORT,17,17300000E0841,0,2,Appartement,67,2,,-0.914845,45.964991
2023-100722,2023-12-16,1,Vente,158924.78,16,,AVENUE THIERS,17300,17300,ROCHEFORT,17,17300000B0654,0,2,Appartement,58,2,,-0.961572,45.960755
2023-100281,2024-08-09,1,Vente,1004764.27,98,,RUE SAINTE CATHERINE,33000,33063,BORDEAUX,33,33063000C0120,0,1,Maison,188,7,173,-0.569308,44.829967
2023-100213,2025-02-23,1,Vente,163158.47,168,,IMPASSE DES VIGNES,17300,17300,ROCHEFORT,17,17300000D0422,2,2,Appartement,93,4,,-0.91789,45.972352
2023-100046,2025-05-15,1,Vente,217728.66,137,,ALLEE DES CHENES,17300,17300,ROCHEFORT,17,17300000E0488,0,2,Appartement,76,2,,-0.931346,45.917979
2023-100710,2023-05-13,1,Vente,610317.64,164,,ALLEE DES CHENES,17300,17300,ROCHEFORT,17,17300000Z0206,0,1,Maison,195,7,1900,-1.004024,45.91926
2023-100350,2024-05-15,1,Vente,86449.67,111,,PLACE COLBERT,17300,17300,ROCHEFORT,17,17300000B0418,0,2,Appartement,47,2,,-0.971618,45.92425
2023-100805,2025-05-13,1,Vente,403561.18,174,,ROUTE DE PERIGUEUX,33000,33063,BORDEAUX,33,33063000B0842,0,2,Appartement,72,2,,-0.557915,44.820235
2023-100732,2024-07-09,1,Vente,105334.29,114,,AVENUE THIERS,24430,24016,ANNESSE-ET-BEAULIEU,24,24016000C0851,0,2,Appartement,87,3,,0.520944,45.051663
2023-100626,2023-05-01,1,Vente,1047846.0,21,,ROUTE DE PERIGUEUX,33000,33063,BORDEAUX,33,33063000D0992,1,1,Maison,178,6,749,-0.593379,44.859845
2023-100649,2024-04-26,1,Vente,395185.89,132,,RUE DU PALAIS,33000,33063,BORDEAUX,33,33063000B0596,0,2,Appartement,87,3,,-0.56459,44.849843
2023-100155,2024-06-25,1,Vente,314206.42,90,,RUE DU PALAIS,33000,33063,BORDEAUX,33,33063000A0046,0,2,Appartement,85,3,,-0.54091,44.875198
2023-100006,2023-02-13,1,Vente,399956.06,130,,COURS DE L ARGONNE,17300,17300,ROCHEFORT,17,17300000A0797,2,1,Maison,165,8,2171,-1.009798,45.964886
2023-100045,2024-01-07,1,Vente,196967.82,144,,RUE DU PALAIS,24430,24016,ANNESSE-ET-BEAULIEU,24,24016000A0725,1,2,Appartement,95,4,,0.517718,45.118061
2023-100233,2024-08-14,1,Vente,192762.04,24,,IMPASSE DES VIGNES,17300,17300,ROCHEFORT,17,17300000B0983,1,2,Appartement,82,4,,-0.927154,45.929619
2023-100487,2025-04-02,1,Vente,342459.26,109,,ALLEE DES CHENES,33000,33063,BORDEAUX,33,33063000D0031,1,1,Maison,86,4,1681,-0.532679,44.822254
2023-100440,2023-05-04,1,Vente,821482.06,13,,RUE DU PALAIS,33000,33063,BORDEAUX,33,33063000A0577,0,1,Maison,147,7,1727,-0.558583,44.849854
2023-100354,2023-05-14,1,Vente,117806.05,46,,RUE DU PALAIS,24430,24016,ANNESSE-ET-BEAULIEU,24,24016000C0162,0,2,Appartement,83,3,,0.53248,45.054579
2023-100866,2023-01-11,1,Vente,302605.59,63,,ROUTE DE PERIGUEUX,17300,17300,ROCHEFORT,17,17300000B0591,2,1,Maison,143,5,1961,-0.948286,45.930522
2023-100427,2023-03-20,1,Vente,169429.46,140,,AVENUE THIERS,24430,24016,ANNESSE-ET-BEAULIEU,24,24016000E0974,0,2,Appartement,91,4,,0.51158,45.051818
2023-100671,2024-08-29,1,Vente,344050.79,131,,AVENUE THIERS,17300,17300,ROCHEFORT,17,17300000C0822,0,1,Maison,117,4,205,-0.992155,45.929318
2023-100600,2024-10-08,1,Vente,615359.52,104,,ROUTE DE PERIGUEUX,33000,33063,BORDEAUX,33,33063000E0392,0,1,Maison,125,4,1189,-0.575938,44.863855
2023-100167,2024-07-18,1,Vente,160867.25,84,,RUE SAINTE CATHERINE,33000,33063,BORDEAUX,33,33063000A0548,0,2,Appartement,43,1,,-0.590839,44.864078
2023-100068,2023-06-03,1,Vente,444867.26,13,,PLACE COLBERT,17300,17300,ROCHEFORT,17,17300000C0890,0,1,Maison,154,7,1939,-0.996862,45.905223
2023-100681,2024-01-07,1,Vente,52825.75,138,,AVENUE THIERS,24430,24016,ANNESSE-ET-BEAULIEU,24,24016000D0990,0,2,Appartement,35,1,,0.521044,45.071109
2023-100036,2023-09-26,1,Vente,94673.87,7,,RUE GAMBETTA,17300,17300,ROCHEFORT,17,17300000B0513,0,2,Appartement,48,2,,-0.993602,45.942934
2023-100613,2024-03-08,1,Vente,128503.3,98,,COURS DE L ARGONNE,17300,17300,ROCHEFORT,17,17300000B0415,1,2,Appartement,71,3,,-0.992715,45.919336
2023-COR-T4,2023-10-25,1,Vente,100288.85,55,,ALLEE DES CHENES,17300,17300,ROCHEFORT,17,17300000A0491,0,3,Local industriel. commercial ou assimile,37,2,,-1.000264,45.911722
2023-100667,2025-02-07,1,Vente,147584.6,75,,RUE GAMBETTA,24430,24016,ANNESSE-ET-BEAULIEU,24,24016000Z0969,2,1,Maison,113,4,1692,0.510595,45.049289
2023-100481,2025-03-13,1,Vente,169946.48,123,,AVENUE THIERS,17300,17300,ROCHEFORT,17,17300000B0511,0,2,Appartement,63,3,,-0.969876,45.932571
2023-100163,2024-05-04,1,Vente,336637.47,41,,RUE DU PALAIS,24430,24016,ANNESSE-ET-BEAULIEU,24,24016000D0533,0,1,Maison,160,7,1497,0.584551,45.107376
2023-100115,2023-12-27,1,Vente,767964.05,158,,RUE DU PALAIS,33000,33063,BORDEAUX,33,33063000C0096,2,1,Maison,166,7,887,-0.549282,44.85455
2023-100402,2024-03-19,1,Vente,180885.16,83,,IMPASSE DES VIGNES,17300,17300,ROCHEFORT,17,17300000D0460,2,2,Appartement,79,3,,-0.951337,45.946533
2023-100647,2024-01-15,1,Vente,231130.52,84,,AVENUE THIERS,17300,17300,ROCHEFORT,17,17300000Z0778,0,1,Maison,94,3,292,-0.995938,45.960412
2023-100222,2024-04-14,1,Vente,152443.66,38,,AVENUE THIERS,33000,33063,BORDEAUX,33,33063000Z0141,2,2,Appartement,40,2,,-0.583211,44.858915
2023-COR-S18,2023-09-09,1,Vente,162967.28,91,,IMPASSE DES VIGNES,24430,24016,ANNESSE-ET-BEAULIEU,24,24016000Z0005,0,2,Appartement,0,3,,0.572394,45.100304
2023-100562,2024-06-26,1,Vente,282795.43,48,,COURS DE L ARGONNE,33000,33063,BORDEAUX,33,33063000B0642,0,2,Appartement,58,2,,-0.538481,44.852209
2023-100733,2024-06-02,1,Vente,355953.85,158,,RUE GAMBETTA,17300,17300,ROCHEFORT,17,17300000D0818,2,1,Maison,134,6,1039,-0.928659,45.959467
2023-100247,2024-04-28,1,Vente,405844.44,32,,RUE GAMBETTA,33000,33063,BORDEAUX,33,33063000A0779,1,2,Appartement,82,3,,-0.549812,44.831892
2023-100349,2023-07-04,1,Vente,321792.85,34,,ROUTE DE PERIGUEUX,24430,24016,ANNESSE-ET-BEAULIEU,24,24016000E0341,1,1,Maison,155,5,1535,0.553618,45.048347
2023-100730,2024-03-02,1,Vente,165073.49,166,,ALLEE DES CHENES,17300,17300,ROCHEFORT,17,17300000Z0789,0,1,Maison,84,3,510,-0.98808,45.931914
2023-100269,2023-06-04,1,Vente,329309.81,132,,RUE DU PALAIS,33000,33063,BORDEAUX,33,33063000A0632,1,2,Appartement,88,4,,-0.570576,44.843025
2023-100313,2023-04-01,1,Vente,112529.27,20,,PLACE COLBERT,24430,24016,ANNESSE-ET-BEAULIEU,24,24016000C0206,1,1,Maison,71,3,2252,0.511915,45.115856
2023-100010,2023-11-01,1,Vente,136803.09,13,,AVENUE THIERS,17300,17300,ROCHEFORT,17,17300000C0588,1,2,Appartement,52,2,,-0.997017,45.967837
2023-100765,2025-02-17,1,Vente,689443.99,15,,IMPASSE DES VIGNES,33000,33063,BORDEAUX,33,33063000E0603,0,1,Maison,183,6,1296,-0.56568,44.838824
2023-100148,2023-09-09,1,Vente,88659.74,160,,RUE SAINTE CATHERINE,24430,24016,ANNESSE-ET-BEAULIEU,24,24016000E0837,0,2,Appartement,50,2,,0.601344,45.103115
2023-100746,2023-03-15,1,Vente,234533.94,74,,RUE GAMBETTA,17300,17300,ROCHEFORT,17,17300000C0190,0,1,Maison,104,3,1412,-0.943287,45.96144
2023-100501,2023-03-15,1,Vente,711615.64,66,,ALLEE DES CHENES,33000,33063,BORDEAUX,33,33063000E0297,0,1,Maison,165,7,2388,-0.59418,44.812439
2023-100393,2023-04-25,1,Vente,257901.64,157,,ALLEE DES CHENES,17300,17300,ROCHEFORT,17,17300000D0336,0,1,Maison,92,4,470,-0.951117,45.93423
2023-100307,2023-08-04,1,Vente,246433.59,89,,ALLEE DES CHENES,24430,24016,ANNESSE-ET-BEAULIEU,24,24016000Z0619,0,1,Maison,192,7,514,0.580003,45.078992
2023-100208,2024-04-21,1,Vente,39443.97,23,,RUE DU PALAIS,33000,33063,BORDEAUX,33,33063000B0074,0,2,Appartement,62,2,,-0.580679,44.870576
2023-100791,2024-07-31,1,Vente,200346.04,161,,ROUTE DE PERIGUEUX,17300,17300,ROCHEFORT,17,17300000B0747,0,2,Appartement,80,3,,-0.943768,45.97174
2023-100570,2025-04-22,1,Vente,118275.94,72,,RUE SAINTE CATHERINE,33000,33063,BORDEAUX,33,33063000Z0304,0,2,Appartement,30,1,,-0.548277,44.835135
2023-100390,2023-11-28,1,Vente,225865.55,118,,RUE DU PALAIS,17300,17300,ROCHEFORT,17,17300000B0673,0,1,Maison,109,5,1802,-0.989896,45.943056
2023-COR-S8,2023-06-30,1,Vente,183788.84,169,,ROUTE DE PERIGUEUX,17300,17300,ROCHEFORT,17,17300000B0477,2,2,Appartement,-12,2,,-0.922293,45.980524
2023-100663,2024-06-10,1,Vente,361970.22,69,,RUE GAMBETTA,33000,33063,BORDEAUX,33,33063000A0727,0,2,Appartement,81,3,,-0.542159,44.812399
2023-100029,2024-12-28,1,Vente,48813.21,9,,RUE SAINTE CATHERINE,24430,24016,ANNESSE-ET-BEAULIEU,24,24016000B0396,0,2,Appartement,33,1,,0.592429,45.066441
2023-100144,2024-10-11,1,Vente,327250.2,99,,COURS DE L ARGONNE,17300,17300,ROCHEFORT,17,17300000A0550,0,1,Maison,151,5,1757,-0.974753,45.908345
2023-100642,2024-08-13,1,Vente,298769.6,109,,RUE GAMBETTA,33000,33063,BORDEAUX,33,33063000C0753,1,2,Appartement,52,3,,-0.566131,44.839991
2023-100748,2023-05-18,1,Vente,235030.39,110,,ALLEE DES CHENES,24430,24016,ANNESSE-ET-BEAULIEU,24,24016000B0088,0,1,Maison,197,8,1949,0.600165,45.078175
2023-100336,2025-05-18,1,Vente,289480.59,135,,AVENUE THIERS,24430,24016,ANNESSE-ET-BEAULIEU,24,24016000D0890,0,1,Maison,149,5,998,0.514829,45.119642
2023-100668,2023-07-24,1,Vente,428555.24,157,,ROUTE DE PERIGUEUX,17300,17300,ROCHEFORT,17,17300000D0872,0,1,Maison,165,5,1336,-0.97675,45.949555
2023-100863,2023-06-03,1,Vente,263164.26,104,,RUE DU PALAIS,33000,33063,BORDEAUX,33,33063000D0548,1,2,Appartement,47,2,,-0.578233,44.864183
2023-100277,2023-10-23,1,Vente,206357.25,74,,ALLEE DES CHENES,33000,33063,BORDEAUX,33,33063000Z0833,0,2,Appartement,49,2,,-0.58894,44.808434
2023-100145,2025-01-11,1,Vente,48501.76,118,,ALLEE DES CHENES,24430,24016,ANNESSE-ET-BEAULIEU,24,24016000D0771,0,2,Appartement,30,1,,0.523566,45.079222
2023-100401,2023-09-16,1,Vente,103482.16,49,,RUE DU PALAIS,24430,24016,ANNESSE-ET-BEAULIEU,24,24016000C0534,1,2,Appartement,71,3,,0.507402,45.058816
2023-100124,2025-04-10,1,Vente,113095.21,55,,RUE SAINTE CATHERINE,24430,24016,ANNESSE-ET-BEAULIEU,24,24016000D0133,2,2,Appartement,65,3,,0.553502,45.061383
2023-100234,2025-06-06,1,Vente,182062.83,174,,RUE GAMBETTA,33000,33063,BORDEAUX,33,33063000Z0823,0,2,Appartement,38,1,,-0.529694,44.834857
2023-100494,2024-12-18,1,Vente,277474.8,86,,ROUTE DE PERIGUEUX,33000,33063,BORDEAUX,33,33063000Z0978,2,2,Appartement,52,2,,-0.61296,44.801392
2023-COR-XL3,2025-02-17,1,Vente,689443.99,15,,IMPASSE DES VIGNES,33000,33063,BORDEAUX,33,33063000E0603,0,1,Maison,3205,6,1296,-0.56568,44.838824
2023-100066,2023-05-25,1,Vente,116105.91,141,,RUE DU PALAIS,24430,24016,ANNESSE-ET-BEAULIEU,24,24016000E0944,2,2,Appartement,77,3,,0.530112,45.050053
2023-100369,2024-03-05,1,Vente,150614.21,30,,RUE SAINTE CATHERINE,17300,17300,ROCHEFORT,17,17300000B0836,0,2,Appartement,82,3,,-0.933633,45.977222
2023-100596,2025-03-11,1,Vente,339892.16,146,,PLACE COLBERT,24430,24016,ANNESSE-ET-BEAULIEU,24,24016000Z0583,0,1,Maison,200,8,565,0.542624,45.092339
2023-100672,2024-07-18,1,Vente,298520.79,22,,ALLEE DES CHENES,24430,24016,ANNESSE-ET-BEAULIEU,24,24016000Z0518,0,1,Maison,208,7,1608,0.522152,45.100987
2023-100514,2024-08-04,1,Vente,417827.93,7,,ROUTE DE PERIGUEUX,24430,24016,ANNESSE-ET-BEAULIEU,24,24016000D0628,0,1,Maison,204,7,149,0.552291,45.111981
2023-100461,2023-07-01,1,Vente,181795.96,18,,RUE DU PALAIS,17300,17300,ROCHEFORT,17,17300000D0965,1,1,Maison,102,5,1984,-1.009893,45.920112
2023-100417,2023-08-25,1,Vente,275108.7,5,,RUE SAINTE CATHERINE,24430,24016,ANNESSE-ET-BEAULIEU,24,24016000A0930,2,1,Maison,181,9,1278,0.547863,45.124156
2023-100568,2024-10-16,1,Vente,120657.39,64,,IMPASSE DES VIGNES,24430,24016,ANNESSE-ET-BEAULIEU,24,24016000C0355,0,1,Maison,89,3,1664,0.576324,45.083357
2023-100408,2023-06-01,1,Vente,121666.88,148,,AVENUE THIERS,17300,17300,ROCHEFORT,17,17300000B0701,1,2,Appartement,57,2,,-1.004931,45.939377
2023-100157,2023-04-28,1,Vente,236469.31,157,,RUE DU PALAIS,17300,17300,ROCHEFORT,17,17300000B0227,1,1,Maison,96,3,1363,-0.958462,45.954708
2023-100014,2024-12-11,1,Vente,131290.65,180,,RUE DU PALAIS,24430,24016,ANNESSE-ET-BEAULIEU,24,24016000B0213,0,1,Maison,83,4,1103,0.546266,45.123576
2023-100241,2025-04-28,1,Vente,564613.12,84,,RUE GAMBETTA,17300,17300,ROCHEFORT,17,17300000A0737,0,1,Maison,191,6,1876,-0.96383,45.938428
2023-100555,2023-12-16,1,Vente,371468.31,164,,IMPASSE DES VIGNES,33000,33063,BORDEAUX,33,33063000A0245,0,1,Maison,76,4,146,-0.552758,44.864183
2023-100383,2024-04-20,1,Vente,175537.52,157,,ALLEE DES CHENES,24430,24016,ANNESSE-ET-BEAULIEU,24,24016000B0850,2,1,Maison,108,4,514,0.584391,45.096664
2023-100306,2024-06-06,1,Vente,329304.01,58,,IMPASSE DES VIGNES,24430,24016,ANNESSE-ET-BEAULIEU,24,24016000B0152,2,1,Maison,188,7,1060,0.510544,45.097992
2023-100455,2025-06-01,1,Vente,294939.7,156,,ROUTE DE PERIGUEUX,17300,17300,ROCHEFORT,17,17300000D0708,0,1,Maison,165,6,2000,-0.927062,45.903217
2023-100751,2024-12-19,1,Vente,20377.22,61,,RUE DU PALAIS,33000,33063,BORDEAUX,33,33063000A0698,0,2,Appartement,65,3,,-0.607405,44.826866
2023-100136,2024-03-14,1,Vente,435118.15,178,,RUE SAINTE CATHERINE,33000,33063,BORDEAUX,33,33063000D0251,0,2,Appartement,85,3,,-0.544356,44.815201
2023-100881,2023-10-11,1,Vente,142638.81,142,,ALLEE DES CHENES,24430,24016,ANNESSE-ET-BEAULIEU,24,24016000D0596,0,2,Appartement,78,4,,0.591702,45.120225
2023-100774,2023-09-06,1,Vente,396051.37,172,,ALLEE DES CHENES,33000,33063,BORDEAUX,33,33063000D0305,0,1,Maison,105,5,279,-0.56965,44.853081
2023-COR-S9,2024-02-07,1,Vente,872465.78,79,,RUE DU PALAIS,33000,33063,BORDEAUX,33,33063000D0061,0,1,Maison,,6,2386,-0.561268,44.800268
2023-100030,2024-07-29,1,Vente,347474.95,97,,ROUTE DE PERIGUEUX,17300,17300,ROCHEFORT,17,17300000B0668,0,1,Maison,132,6,1755,-0.948349,45.976116
2023-100257,2023-06-07,1,Vente,283795.18,152,,RUE DU PALAIS,17300,17300,ROCHEFORT,17,17300000D0790,0,1,Maison,104,4,317,-0.92446,45.963902
2023-100035,2025-05-27,1,Vente,382507.42,17,,RUE DU PALAIS,17300,17300,ROCHEFORT,17,17300000Z0817,0,1,Maison,134,5,2260,-0.937361,45.920784
2023-100107,2024-07-30,1,Vente,302976.38,64,,RUE SAINTE CATHERINE,33000,33063,BORDEAUX,33,33063000C0833,2,2,Appartement,73,3,,-0.608004,44.873351
2023-100823,2025-05-02,1,Vente,456443.52,38,,AVENUE THIERS,33000,33063,BORDEAUX,33,33063000E0101,1,1,Maison,113,4,1602,-0.591703,44.801604
2023-100172,2023-03-24,1,Vente,15986.91,59,,IMPASSE DES VIGNES,33000,33063,BORDEAUX,33,33063000E0221,2,2,Appartement,52,2,,-0.595047,44.875169
2023-100838,2025-01-18,1,Vente,113046.51,63,,PLACE COLBERT,24430,24016,ANNESSE-ET-BEAULIEU,24,24016000C0046,0,2,Appartement,76,3,,0.524707,45.066984
2023-COR-V5,2025-04-05,1,Vente,,133,,ALLEE DES CHENES,33000,33063,BORDEAUX,33,33063000A0277,1,1,Maison,72,3,378,-0.544692,44.838325
2023-100431,2024-10-19,1,Vente,154086.68,124,,COURS DE L ARGONNE,24430,24016,ANNESSE-ET-BEAULIEU,24,24016000A0933,0,2,Appartement,89,3,,0.536572,45.057124
2023-100778,2023-01-28,1,Vente,337727.75,129,,COURS DE L ARGONNE,33000,33063,BORDEAUX,33,33063000Z0712,2,2,Appartement,63,2,,-0.56885,44.830795
2023-100220,2025-02-14,1,Vente,371573.77,69,,RUE SAINTE CATHERINE,33000,33063,BORDEAUX,33,33063000C0822,0,2,Appartement,87,4,,-0.561648,44.809151
2023-100381,2024-12-24,1,Vente,135242.56,14,,RUE GAMBETTA,17300,17300,ROCHEFORT,17,17300000C0766,0,2,Appartement,79,4,,-0.92014,45.916383
2023-100175,2023-04-19,1,Vente,182222.5,49,,PLACE COLBERT,17300,17300,ROCHEFORT,17,17300000B0683,2,2,Appartement,87,3,,-0.944999,45.923843
2023-100484,2024-03-03,1,Vente,732345.27,47,,RUE DU PALAIS,33000,33063,BORDEAUX,33,33063000C0300,0,1,Maison,137,4,773,-0.608965,44.799823
2023-100085,2024-02-24,2,Vente,319662.04,8,,ROUTE DE PERIGUEUX,33000,33063,BORDEAUX,33,33063000D0692,1,2,Appartement,66,2,,-0.590852,44.869645
2023-100843,2023-02-22,1,Vente,368691.66,141,,ALLEE DES CHENES,24430,24016,ANNESSE-ET-BEAULIEU,24,24016000B0508,2,1,Maison,197,10,1096,0.545989,45.07863
2023-100108,2023-07-09,1,Vente,83287.6,124,,AVENUE THIERS,24430,24016,ANNESSE-ET-BEAULIEU,24,24016000C0563,0,2,Appartement,49,2,,0.568753,45.057024
2023-100287,2024-12-08,1,Vente,203237.14,157,,PLACE COLBERT,33000,33063,BORDEAUX,33,33063000B0755,1,2,Appartement,38,1,,-0.530799,44.804203
2023-100064,2023-07-16,1,Vente,806158.97,165,,RUE DU PALAIS,33000,33063,BORDEAUX,33,33063000Z0938,0,1,Maison,166,7,964,-0.534707,44.807434
2023-100865,2024-11-01,1,Vente,475482.18,16,,RUE SAINTE CATHERINE,33000,33063,BORDEAUX,33,33063000B0357,2,1,Maison,96,4,2347,-0.556224,44.843022
2023-100800,2023-02-13,1,Vente,173817.98,58,,ALLEE DES CHENES,24430,24016,ANNESSE-ET-BEAULIEU,24,24016000B0482,1,1,Maison,97,4,1694,0.578518,45.096073
2023-100832,2025-02-25,1,Vente,397486.17,52,,RUE DU PALAIS,33000,33063,BORDEAUX,33,33063000A0796,0,2,Appartement,77,3,,-0.533668,44.868248
2023-COR-T13,2024-06-06,1,Vente,329304.01,58,,IMPASSE DES VIGNES,24430,24016,ANNESSE-ET-BEAULIEU,24,24016000B0152,2,4,Local industriel. commercial ou assimile,5515,7,1060,0.510544,45.097992
2023-100701,2024-02-07,1,Vente,872465.78,79,,RUE DU PALAIS,33000,33063,BORDEAUX,33,33063000D0061,0,1,Maison,167,6,2386,-0.561268,44.800268
2023-100251,2023-01-12,1,Vente,133502.37,82,,COURS DE L ARGONNE,24430,24016,ANNESSE-ET-BEAULIEU,24,24016000D0522,2,1,Maison,93,4,1778,0.566218,45.095235
2023-COR-S15,2023-03-16,1,Vente,52801.19,146,,AVENUE THIERS,24430,24016,ANNESSE-ET-BEAULIEU,24,24016000Z0821,0,2,Appartement,,2,,0.553995,45.085642
2023-100367,2024-07-09,1,Vente,415636.23,11,,RUE SAINTE CATHERINE,24430,24016,ANNESSE-ET-BEAULIEU,24,24016000C0634,0,1,Maison,194,8,2077,0.598827,45.072598
2023-100532,2023-03-24,1,Vente,225421.12,120,,AVENUE THIERS,17300,17300,ROCHEFORT,17,17300000E0268,0,2,Appartement,87,4,,-0.916081,45.955292
2023-100850,2024-03-18,1,Vente,23215.16,14,,ROUTE DE PERIGUEUX,17300,17300,ROCHEFORT,17,17300000E0730,0,2,Appartement,88,4,,-1.011498,45.968329
2023-100404,2023-06-12,1,Vente,113457.07,122,,RUE DU PALAIS,17300,17300,ROCHEFORT,17,17300000B0518,0,2,Appartement,45,1,,-0.966522,45.979942
2023-COR-V9,2024-07-23,1,Vente,,8,,RUE GAMBETTA,24430,24016,ANNESSE-ET-BEAULIEU,24,24016000D0669,0,2,Appartement,34,1,,0.562494,45.099634
2023-100060,2024-01-01,1,Vente,76023.41,58,,COURS DE L ARGONNE,24430,24016,ANNESSE-ET-BEAULIEU,24,24016000D0234,0,2,Appartement,40,2,,0.530469,45.100478
2023-100005,2024-04-04,1,Vente,103887.04,88,,AVENUE THIERS,24430,24016,ANNESSE-ET-BEAULIEU,24,24016000D0831,0,1,Maison,79,3,1520,0.590722,45.068413
2023-COR-T3,2024-12-16,1,Vente,430121.67,137,,PLACE COLBERT,33000,33063,BORDEAUX,33,33063000Z0674,1,3,Dependance,91,3,,-0.604228,44.806359
2023-100070,2024-12-10,1,Vente,388553.91,158,,COURS DE L ARGONNE,33000,33063,BORDEAUX,33,33063000E0687,0,2,Appartement,93,4,,-0.551212,44.842575
2023-100824,2023-08-17,1,Vente,503917.21,110,,RUE SAINTE CATHERINE,17300,17300,ROCHEFORT,17,17300000A0877,1,1,Maison,195,7,1230,-0.944014,45.947738
2023-100319,2024-10-27,1,Vente,73544.4,44,,RUE DU PALAIS,24430,24016,ANNESSE-ET-BEAULIEU,24,24016000B0527,0,2,Appartement,37,1,,0.553081,45.048401
2023-100644,2025-01-06,1,Vente,299777.78,131,,ROUTE DE PERIGUEUX,17300,17300,ROCHEFORT,17,17300000D0154,0,1,Maison,103,5,1040,-0.968831,45.909737
2023-100573,2024-10-23,1,Vente,304748.72,41,,AVENUE THIERS,33000,33063,BORDEAUX,33,33063000Z0335,0,1,Maison,74,2,1554,-0.600221,44.82102
2023-100053,2024-02-15,1,Vente,181421.04,155,,ALLEE DES CHENES,17300,17300,ROCHEFORT,17,17300000C0841,0,2,Appartement,82,3,,-0.919372,45.959152
2023-100679,2023-12-05,1,Vente,854958.03,126,,RUE GAMBETTA,33000,33063,BORDEAUX,33,33063000E0710,0,1,Maison,148,5,1216,-0.606997,44.802801
2023-100896,2024-07-30,1,Vente,188642.45,98,,RUE DU PALAIS,24430,24016,ANNESSE-ET-BEAULIEU,24,24016000B0619,1,1,Maison,112,4,1065,0.582047,45.083676
2023-100864,2023-01-31,1,Vente,312853.24,78,,PLACE COLBERT,33000,33063,BORDEAUX,33,33063000B0545,0,2,Appartement,56,2,,-0.594428,44.836981
2023-100413,2024-11-05,1,Vente,983286.3,24,,RUE GAMBETTA,33000,33063,BORDEAUX,33,33063000A0426,0,1,Maison,198,6,1011,-0.586789,44.839426
2023-100604,2023-11-23,1,Vente,163365.29,132,,PLACE COLBERT,24430,24016,ANNESSE-ET-BEAULIEU,24,24016000Z0689,1,1,Maison,101,4,1473,0.558824,45.08127
2023-100821,2023-04-14,1,Vente,97597.81,153,,PLACE COLBERT,17300,17300,ROCHEFORT,17,17300000C0762,1,2,Appartement,45,2,,-0.928154,45.901949
2023-100335,2023-09-04,1,Vente,104034.71,112,,RUE GAMBETTA,17300,17300,ROCHEFORT,17,17300000D0345,2,2,Appartement,42,2,,-0.949474,45.969897
2023-100117,2023-03-04,1,Vente,184507.86,80,,ROUTE DE PERIGUEUX,24430,24016,ANNESSE-ET-BEAULIEU,24,24016000Z0805,0,1,Maison,154,7,1846,0.572111,45.049909
2023-100386,2023-03-30,1,Vente,427946.0,160,,ALLEE DES CHENES,33000,33063,BORDEAUX,33,33063000C0531,1,1,Maison,71,2,1213,-0.569188,44.809756
2023-100776,2023-10-27,1,Vente,51372.62,10,,RUE DU PALAIS,24430,24016,ANNESSE-ET-BEAULIEU,24,24016000B0123,0,2,Appartement,32,1,,0.531948,45.093607
2023-100398,2024-05-22,1,Vente,218696.64,129,,RUE GAMBETTA,17300,17300,ROCHEFORT,17,17300000E0470,1,2,Appartement,83,4,,-1.00858,45.959201
2023-COR-D1,0000-00-00,1,Vente,514964.14,130,,ALLEE DES CHENES,33000,33063,BORDEAUX,33,33063000E0848,2,4,Local industriel. commercial ou assimile,108,5,1349,-0.576804,44.868097
2023-100732,2024-07-09,2,Vente,105334.29,114,,AVENUE THIERS,24430,24016,ANNESSE-ET-BEAULIEU,24,24016000C0851,0,2,Appartement,87,3,,0.520944,45.051663
2023-100731,2023-10-05,1,Vente,175888.54,62,,COURS DE L ARGONNE,24430,24016,ANNESSE-ET-BEAULIEU,24,24016000E0200,1,1,Maison,89,3,733,0.581143,45.088199
2023-100374,2023-03-10,1,Vente,563235.42,43,,COURS DE L ARGONNE,17300,17300,ROCHEFORT,17,17300000E0937,0,1,Maison,195,7,731,-0.948196,45.936538
2023-100377,2023-01-23,1,Vente,149618.34,164,,ALLEE DES CHENES,33000,33063,BORDEAUX,33,33063000C0477,0,2,Appartement,44,2,,-0.554208,44.866631
2023-100580,2025-04-03,1,Vente,283852.77,15,,COURS DE L ARGONNE,33000,33063,BORDEAUX,33,33063000C0549,1,2,Appartement,47,2,,-0.573247,44.817029
2023-100225,2024-03-30,1,Vente,225903.55,175,,AVENUE THIERS,33000,33063,BORDEAUX,33,33063000A0575,2,2,Appartement,52,2,,-0.604178,44.808698
2023-100235,2023-08-17,1,Vente,171246.57,71,,ALLEE DES CHENES,24430,24016,ANNESSE-ET-BEAULIEU,24,24016000Z0640,0,1,Maison,82,4,806,0.521447,45.06551
2023-100641,2025-05-16,1,Vente,55904.42,76,,RUE GAMBETTA,24430,24016,ANNESSE-ET-BEAULIEU,24,24016000C0109,1,2,Appartement,44,2,,0.538214,45.119922
2023-100491,2025-04-20,1,Vente,469410.47,29,,PLACE COLBERT,17300,17300,ROCHEFORT,17,17300000C0728,0,1,Maison,152,7,1653,-0.964077,45.951123
2023-100877,2024-10-20,1,Vente,192012.44,143,,RUE DU PALAIS,17300,17300,ROCHEFORT,17,17300000Z0007,0,2,Appartement,65,2,,-0.947083,45.96134
2023-100298,2023-03-28,1,Vente,195551.85,120,,IMPASSE DES VIGNES,33000,33063,BORDEAUX,33,33063000C0390,0,2,Appartement,39,1,,-0.568108,44.846551
2023-100886,2023-04-08,1,Vente,263124.34,71,,PLACE COLBERT,24430,24016,ANNESSE-ET-BEAULIEU,24,24016000D0836,0,1,Maison,200,8,262,0.525578,45.073349
2023-100227,2023-11-01,1,Vente,159963.89,150,,PLACE COLBERT,17300,17300,ROCHEFORT,17,17300000D0414,0,2,Appartement,52,2,,-0.982129,45.911898
2023-100282,2024-09-14,1,Vente,268112.95,107,,ALLEE DES CHENES,33000,33063,BORDEAUX,33,33063000A0855,2,2,Appartement,58,2,,-0.568152,44.82121
2023-100132,2023-11-10,1,Vente,398984.9,64,,COURS DE L ARGONNE,33000,33063,BORDEAUX,33,33063000A0295,0,1,Maison,94,3,430,-0.548986,44.813842
2023-100539,2024-09-20,1,Vente,863427.82,25,,RUE SAINTE CATHERINE,33000,33063,BORDEAUX,33,33063000C0707,0,1,Maison,208,7,237,-0.606807,44.808947
2023-100095,2023-08-15,1,Vente,69848.82,34,,PLACE COLBERT,24430,24016,ANNESSE-ET-BEAULIEU,24,24016000B0549,0,2,Appartement,39,2,,0.535814,45.110479
2023-COR-S1,2024-12-16,1,Vente,430121.67,137,,PLACE COLBERT,33000,33063,BORDEAUX,33,33063000Z0674,1,2,Appartement,,3,,-0.604228,44.806359
2023-100149,2024-12-28,1,Vente,133709.14,179,,ROUTE DE PERIGUEUX,24430,24016,ANNESSE-ET-BEAULIEU,24,24016000B0267,0,2,Appartement,83,3,,0.560904,45.122359
2023-100737,2025-01-12,1,Vente,587300.91,6,,IMPASSE DES VIGNES,33000,33063,BORDEAUX,33,33063000B0646,2,1,Maison,113,4,1402,-0.603399,44.814559
2023-100436,2023-10-07,1,Vente,170286.32,113,,RUE DU PALAIS,24430,24016,ANNESSE-ET-BEAULIEU,24,24016000C0902,0,1,Maison,141,4,514,0.523581,45.12648
2023-100469,2023-01-30,1,Vente,221804.9,72,,ROUTE DE PERIGUEUX,17300,17300,ROCHEFORT,17,17300000D0638,0,2,Appartement,90,4,,-0.935496,45.948539
2023-100725,2024-08-16,1,Vente,569535.01,63,,RUE SAINTE CATHERINE,33000,33063,BORDEAUX,33,33063000E0835,2,1,Maison,141,5,1087,-0.626603,44.851579
2023-100536,2024-11-26,1,Vente,321047.78,92,,COURS DE L ARGONNE,24430,24016,ANNESSE-ET-BEAULIEU,24,24016000Z0505,0,1,Maison,207,6,2333,0.605928,45.08522
2023-100884,2024-09-04,1,Vente,120831.52,158,,COURS DE L ARGONNE,24430,24016,ANNESSE-ET-BEAULIEU,24,24016000E0445,2,2,Appartement,73,3,,0.565465,45.125749
2023-100249,2024-12-06,1,Vente,313247.64,91,,RUE GAMBETTA,24430,24016,ANNESSE-ET-BEAULIEU,24,24016000C0371,1,1,Maison,192,7,531,0.556393,45.110493
2023-100078,2025-06-16,1,Vente,366239.93,122,,RUE SAINTE CATHERINE,33000,33063,BORDEAUX,33,33063000D0321,1,1,Maison,86,4,406,-0.61281,44.846277
2023-100810,2025-03-27,1,Vente,86411.9,60,,PLACE COLBERT,17300,17300,ROCHEFORT,17,17300000D0052,1,2,Appartement,32,1,,-0.96068,45.915281
2023-100825,2023-06-20,1,Vente,168907.47,106,,ALLEE DES CHENES,24430,24016,ANNESSE-ET-BEAULIEU,24,24016000Z0747,1,1,Maison,103,4,1761,0.584651,45.110556
2023-100206,2024-03-21,1,Vente,154976.29,39,,RUE SAINTE CATHERINE,24430,24016,ANNESSE-ET-BEAULIEU,24,24016000A0055,2,2,Appartement,71,2,,0.598223,45.104335
2023-100127,2024-06-01,1,Vente,357689.05,87,,COURS DE L ARGONNE,24430,24016,ANNESSE-ET-BEAULIEU,24,24016000B0907,0,1,Maison,164,6,1457,0.558683,45.10161
2023-100333,2024-11-07,1,Vente,169193.38,140,,PLACE COLBERT,17300,17300,ROCHEFORT,17,17300000A0282,2,2,Appartement,88,3,,-0.920782,45.97783
2023-100192,2025-01-06,1,Vente,284202.8,170,,IMPASSE DES VIGNES,24430,24016,ANNESSE-ET-BEAULIEU,24,24016000B0122,1,1,Maison,173,7,1900,0.552046,45.050063
2023-100540,2023-11-12,1,Vente,982426.94,117,,RUE SAINTE CATHERINE,33000,33063,BORDEAUX,33,33063000E0205,0,1,Maison,197,8,1333,-0.546343,44.849379
2023-100651,2024-07-12,1,Vente,516858.85,41,,PLACE COLBERT,17300,17300,ROCHEFORT,17,17300000A0683,1,1,Maison,205,6,1267,-0.942712,45.906115
2023-100076,2025-03-02,1,Vente,240845.41,34,,ROUTE DE PERIGUEUX,17300,17300,ROCHEFORT,17,17300000B0668,2,2,Appartement,87,4,,-0.937172,45.913367
2023-100360,2024-01-13,1,Vente,202833.24,24,,ROUTE DE PERIGUEUX,17300,17300,ROCHEFORT,17,17300000Z0668,2,2,Appartement,66,3,,-0.993639,45.938801
2023-100299,2024-07-25,1,Vente,142803.42,106,,RUE DU PALAIS,24430,24016,ANNESSE-ET-BEAULIEU,24,24016000C0368,0,1,Maison,70,3,1908,0.538798,45.120165
2023-100397,2025-01-31,1,Vente,181021.7,114,,RUE DU PALAIS,24430,24016,ANNESSE-ET-BEAULIEU,24,24016000E0801,1,1,Maison,130,4,1875,0.590961,45.116133
2023-100435,2023-05-19,1,Vente,132327.68,161,,AVENUE THIERS,24430,24016,ANNESSE-ET-BEAULIEU,24,24016000D0808,2,2,Appartement,70,3,,0.515119,45.071461
2023-100620,2024-12-31,1,Vente,571197.82,45,,PLACE COLBERT,33000,33063,BORDEAUX,33,33063000Z0607,0,1,Maison,158,5,2378,-0.570126,44.851284
2023-100492,2024-02-14,2,Vente,254193.15,53,,ROUTE DE PERIGUEUX,24430,24016,ANNESSE-ET-BEAULIEU,24,24016000D0148,0,1,Maison,210,7,2194,0.606314,45.121793
2023-100154,2024-02-03,1,Vente,53405.07,7,,IMPASSE DES VIGNES,24430,24016,ANNESSE-ET-BEAULIEU,24,24016000A0820,0,2,Appartement,32,2,,0.549379,45.067598
2023-COR-V15,2024-02-24,1,Vente,,160,,RUE SAINTE CATHERINE,17300,17300,ROCHEFORT,17,17300000E0144,2,1,Maison,185,7,2033,-0.95849,45.919817
2023-100473,2023-01-27,1,Vente,58230.32,164,,PLACE COLBERT,24430,24016,ANNESSE-ET-BEAULIEU,24,24016000A0569,0,2,Appartement,39,2,,0.551379,45.102092
2023-100347,2024-11-01,1,Vente,277149.62,35,,RUE DU PALAIS,33000,33063,BORDEAUX,33,33063000D0232,2,2,Appartement,74,3,,-0.564195,44.861554
2023-100285,2024-01-09,1,Vente,88009.07,23,,AVENUE THIERS,24430,24016,ANNESSE-ET-BEAULIEU,24,24016000C0417,2,2,Appartement,50,2,,0.548023,45.123759
2023-100590,2025-04-24,1,Vente,859648.26,63,,ROUTE DE PERIGUEUX,33000,33063,BORDEAUX,33,33063000B0340,0,1,Maison,193,6,417,-0.596245,44.829325
2023-100506,2024-10-29,1,Vente,1105761.62,66,,IMPASSE DES VIGNES,33000,33063,BORDEAUX,33,33063000E0143,0,1,Maison,210,9,1141,-0.535077,44.854569
2023-100834,2025-05-16,1,Vente,120528.98,55,,RUE DU PALAIS,24430,24016,ANNESSE-ET-BEAULIEU,24,24016000A0615,1,2,Appartement,57,3,,0.565223,45.085378
2023-COR-T14,2024-01-07,1,Vente,196967.82,144,,RUE DU PALAIS,24430,24016,ANNESSE-ET-BEAULIEU,24,24016000A0725,1,3,Local industriel. commercial ou assimile,95,4,,0.517718,45.118061
2023-100627,2023-02-17,1,Vente,469807.61,59,,RUE SAINTE CATHERINE,17300,17300,ROCHEFORT,17,17300000A0392,0,1,Maison,202,7,672,-0.99234,45.921736
2023-100217,2023-02-26,1,Vente,90504.27,116,,ROUTE DE PERIGUEUX,17300,17300,ROCHEFORT,17,17300000B0217,0,2,Appartement,45,2,,-0.964813,45.974765
2023-COR-T26,2024-11-22,1,Vente,353784.69,29,,ALLEE DES CHENES,17300,17300,ROCHEFORT,17,17300000E0202,0,4,Local industriel. commercial ou assimile,174,7,1294,-0.987185,45.9047
2023-100753,2023-05-02,1,Vente,302009.96,15,,COURS DE L ARGONNE,33000,33063,BORDEAUX,33,33063000D0483,2,1,Maison,87,4,581,-0.626224,44.844698
2023-100352,2024-08-19,1,Vente,355824.09,157,,RUE GAMBETTA,17300,17300,ROCHEFORT,17,17300000C0551,0,1,Maison,133,5,1101,-0.930591,45.947574
2023-100857,2024-06-27,1,Vente,231769.54,39,,IMPASSE DES VIGNES,33000,33063,BORDEAUX,33,33063000B0027,2,2,Appartement,48,2,,-0.613268,44.86363
2023-100738,2024-08-06,1,Vente,318961.78,79,,IMPASSE DES VIGNES,17300,17300,ROCHEFORT,17,17300000Z0483,1,1,Maison,182,6,1815,-0.925756,45.97862
2023-100223,2025-01-29,1,Vente,572710.36,95,,ROUTE DE PERIGUEUX,33000,33063,BORDEAUX,33,33063000E0603,0,1,Maison,143,5,1619,-0.529833,44.826913
2023-100598,2024-05-16,1,Vente,171800.48,139,,IMPASSE DES VIGNES,17300,17300,ROCHEFORT,17,17300000E0514,0,2,Appartement,65,3,,-0.965482,45.937161
2023-100421,2024-10-18,1,Vente,84835.85,22,,RUE SAINTE CATHERINE,24430,24016,ANNESSE-ET-BEAULIEU,24,24016000B0845,1,2,Appartement,56,2,,0.525784,45.062272
2023-100153,2023-08-04,1,Vente,208629.97,169,,ALLEE DES CHENES,24430,24016,ANNESSE-ET-BEAULIEU,24,24016000D0085,0,1,Maison,174,8,2367,0.534269,45.105226
2023-100628,2023-02-15,1,Vente,215221.62,149,,RUE GAMBETTA,33000,33063,BORDEAUX,33,33063000C0026,1,2,Appartement,39,1,,-0.538705,44.849961
2023-100116,2025-04-27,1,Vente,145646.69,140,,PLACE COLBERT,24430,24016,ANNESSE-ET-BEAULIEU,24,24016000D0114,1,1,Maison,101,3,2115,0.571446,45.047442
2023-100392,2024-10-24,1,Vente,180815.39,22,,RUE SAINTE CATHERINE,33000,33063,BORDEAUX,33,33063000A0331,0,2,Appartement,32,1,,-0.577126,44.859039
2023-100828,2025-02-01,1,Vente,231487.8,111,,ROUTE DE PERIGUEUX,17300,17300,ROCHEFORT,17,17300000B0699,0,1,Maison,96,5,1961,-1.009216,45.902359
2023-100862,2023-11-02,1,Vente,824563.29,17,,RUE GAMBETTA,33000,33063,BORDEAUX,33,33063000E0887,0,1,Maison,186,6,2270,-0.607386,44.85563
2023-100507,2023-01-03,1,Vente,435169.81,172,,RUE GAMBETTA,33000,33063,BORDEAUX,33,33063000C0476,0,1,Maison,78,3,2138,-0.568375,44.857938
2023-COR-V3,2024-10-15,1,Vente,,42,,AVENUE THIERS,33000,33063,BORDEAUX,33,33063000Z0477,0,1,Maison,197,9,609,-0.616623,44.852175
2023-100848,2023-06-30,1,Vente,183788.84,169,,ROUTE DE PERIGUEUX,17300,17300,ROCHEFORT,17,17300000B0477,2,2,Appartement,65,2,,-0.922293,45.980524
2023-100159,2025-01-04,1,Vente,114864.45,146,,IMPASSE DES VIGNES,17300,17300,ROCHEFORT,17,17300000B0228,0,2,Appartement,39,2,,-1.001714,45.943867
2023-100387,2023-12-19,1,Vente,241380.08,59,,AVENUE THIERS,24430,24016,ANNESSE-ET-BEAULIEU,24,24016000D0123,1,1,Maison,154,5,1180,0.527238,45.059526
2023-COR-T2,2023-08-06,1,Vente,,149,,RUE SAINTE CATHERINE,24430,24016,ANNESSE-ET-BEAULIEU,24,24016000D0294,2,3,Local industriel. commercial ou assimile,174,6,1649,0.527796,45.049056
2023-100052,2023-09-11,1,Vente,123380.85,36,,RUE DU PALAIS,24430,24016,ANNESSE-ET-BEAULIEU,24,24016000D0575,0,1,Maison,95,3,1973,0.604972,45.105806
2023-100581,2024-12-03,1,Vente,114981.34,95,,ALLEE DES CHENES,24430,24016,ANNESSE-ET-BEAULIEU,24,24016000A0356,0,2,Appartement,71,2,,0.601769,45.124437
2023-100114,2024-04-15,1,Vente,3142.84,81,,RUE GAMBETTA,24430,24016,ANNESSE-ET-BEAULIEU,24,24016000E0673,2,2,Appartement,31,1,,0.604958,45.11569
